Step,Agent0_Action,Agent0_Reasoning,Agent1_Action,Agent1_Reasoning,Agent2_Action,Agent2_Reasoning,Observations,Rewards,Dones
0,Noop,"*   Role: Warrior.
    *   Position: (24, 24).
    *   Teammates: Agent 1 (Forager) at (25, 24), Agent 2 (Miner) at (24, 25).
    *   Goal: Gather resources, craft gear, descend.
    *   Immediate surroundings:
        *   Stone: (20, 23) and (24, 23) - wait, observation says ""stone 1 step north and 4 steps west (x=20, y=23)"". Let me re-read.
        *   Tree: (25, 23) - 1 step north, 1 step east.
        *   Construction site: (26, 26) - 2 steps south, 2 steps east.
        *   Special Tree: (27, 23) - requires 3 agents.
    *   Inventory: Empty.

    *   Need wood first to make a table and tools.
    *   There's a tree at (25, 23).
    *   There's a 3-agent tree at (27, 23).
    *   Since I'm the warrior, I should focus on combat and crafting swords/arrows later, but initially, everyone needs to help gather basic resources.
    *   Agent 1 (Forager) is at (25, 24). Agent 2 (Miner) is at (24, 25).
    *   The tree at (25, 23) is very close.

    *   Move to the tree at (25, 23).
    *   Current position: (24, 24).
    *   Tree position: (25, 23).
    *   To get there: Move East (25, 24), then Move North (25, 23). Or Move North (24, 23), then Move East (25, 23).
    *   Wait, the tree is at (25, 23). I am at (24, 24).
    *   If I move East, I'll be at (25, 24), which is where Agent 1 is. I can't move to a tile containing another player.
    *   So I must move North first to (24, 23), then East to (25, 23).
    *   Wait, let's check the tree at (27, 23). It requires 3 agents. That's a good goal for coordination.
    *   Let's coordinate to get wood.

    *   Agent 1 (Forager) is at (25, 24).
    *   Agent 2 (Miner) is at (24, 25).
    *   I am at (24, 24).
    *   Tree 1: (25, 23).
    *   Tree 2 (3-agent): (27, 23).

    *   Plan:
        1.  Gather wood.
        2.  Place table.
        3.  Craft tools.

    *   Let's suggest everyone gather wood.
    *   I'll move North to (24, 23) to get closer to the trees.

    *   Action: Move North.
    *   Communication: ""Let's gather wood. Agent 1, go to tree at (25, 23). Agent 2, help me or find more wood. I'm moving north.""
    *   Wait, Agent 1 is already at (25, 24), which is adjacent to the tree at (25, 23). Agent 1 can just move North and Do.

    *   Let's refine:
        *   Agent 1 (Forager) -> Tree (25, 23).
        *   Agent 2 (Miner) -> Stone (20, 23) or help with wood.
        *   Me (Warrior) -> Tree (25, 23) or Tree (27, 23).

    *   Actually, the 3-agent tree (27, 23) is a great way to get a lot of wood quickly if we coordinate.
    *   Let's try to coordinate for the 3-agent tree.
    *   Positions for (27, 23):
        *   (26, 23)
        *   (28, 23)
        *   (27, 22)
        *   (27, 24)
        *   (26, 22)
        *   (28, 22)
        *   (26, 24)
        *   (28, 24)

    *   Current positions:
        *   Me: (24, 24)
        *   Agent 1: (25, 24)
        *   Agent 2: (24, 25)

    *   To get to (27, 23):
        *   Me: Move East, East, North (or similar).
        *   Agent 1: Move East, East, North.
        *   Agent 2: Move East, East, North.

    *   Let's start by moving North to clear the path and get closer.

    *   Wait, the tree at (25, 23) is much closer. Let's just get some wood first.
    *   I'll move North to (24, 23).

    *   Action: Move North.
    *   Communication: ""Agent 1, please gather wood at (25, 23). Agent 2, look for stone or wood. I'll move north to help.""

    *   Wait, if I move North to (24, 23), I am adjacent to the tree at (25, 23).
    *   If Agent 1 moves North to (25, 23), they are on the tree. No, they must be adjacent.
    *   If Agent 1 is at (25, 24), they are already adjacent to (25, 23). They can face North and Do.

    *   Let's coordinate:
        *   Agent 1: Face North, Do (Tree at 25, 23).
        *   Agent 2: Move North to (24, 24) then North to (24, 23) to help or find stone.
        *   Me: Move North to (24, 23).

    *   Actually, let's just go for the 3-agent tree. It's a better achievement and resource gain.
    *   ""Everyone, let's coordinate on the 3-agent tree at (27, 23). Move there and we'll sync Do.""

    *   Let's check the distance to (27, 23):
        *   Me (24, 24) -> (27, 23): 3 East, 1 North.
        *   Agent 1 (25, 24) -> (27, 23): 2 East, 1 North.
        *   Agent 2 (24, 25) -> (27, 23): 3 East, 2 North.

    *   This seems viable.

    *   Action: Move East. (Wait, Agent 1 is at (25, 24). I can't move East).
    *   Action: Move North. (To 24, 23).

    *   Let's try Move North.

    *   Wait, if I move North to (24, 23), I'm at (24, 23).
    *   Then I can move East to (25, 23) - NO, there is a tree there.
    *   I can move East to (26, 23) - YES.
    *   Then East to (27, 23) - NO, tree.
    *   So I can stand at (26, 23) and face East.

    *   Let's communicate the plan.

    *   Action: Move North.
    *   Communication: ""Let's coordinate for the 3-agent tree at (27, 23). Agent 1, move to (27, 24). Agent 2, move to (28, 23). I'll move to (26, 23). Once we are all there, we sync Do.""

    *   Wait, let's check if Agent 1 can move to (27, 24).
        *   Agent 1 is at (25, 24). Move East to (26",Do,"*   Role: Forager.
    *   Position: (25, 24).
    *   Facing: North.
    *   Target: Tree at (25, 23).
    *   Teammates: Agent 0 (Warrior) at (24, 24), Agent 2 (Miner) at (24, 25).
    *   Inventory: Empty.
    *   Goal: Gather resources, craft gear, descend.

    *   Tree at (25, 23) - 1 step north.
    *   Stone at (29, 24) - 4 steps east.
    *   Construction site at (26, 26) - 2 south, 1 east.
    *   Special Tree at (27, 23) - requires 3 agents.
    *   Construction site at (30, 25) - solo or 2 agents.

    *   I am facing a tree at (25, 23).
    *   I can use `Do` to chop it.
    *   I need wood to start the resource chain (Table -> Wood Pickaxe).

    *   Agent 0 (Warrior) and Agent 2 (Miner) are nearby.
    *   I should let them know I'm gathering wood or coordinate for the 3-agent tree if we want to be efficient, but starting with a simple tree is safer.
    *   Actually, the 3-agent tree at (27, 23) might be a better goal for coordination, but I'm already facing a normal tree. Let's start with the normal tree to get some wood quickly.

    *   Action: `Do` (to chop the tree at 25, 23).
    *   Communication: Tell teammates I'm gathering wood and suggest they do the same or look for stone.
    *   Scratchpad: I'm at (25, 24), facing north at tree (25, 23). Agent 0 is at (24, 24), Agent 2 is at (24, 25).

    *   Wait, the prompt says ""Level: cleared — you can find the ladder down tile and use Descend to go deeper.""
    *   If the level is already cleared, maybe we should just find the ladder? But we have no gear. It's better to gear up before descending.
    *   Let's gather wood first.

    *   Action: `Do`
    *   Communication: ""Gathering wood at (25, 23). Agent 0, Agent 2, please gather resources nearby or find the ladder.""
    *   Scratchpad: Starting wood collection. Position (25, 24), facing North.

    *   Wait, looking at the coordination hints:
        *   Tree at (27, 23) requires 3 agents.
        *   Construction site at (26, 26) requires 2 agents.
    *   Since I'm already facing a normal tree, I'll just take it.

    *   Action: `Do`
    *   Communication: ""I'm chopping the tree at (25, 23). Agent 0 and 2, let's gather basic resources before descending.""
    *   Scratchpad: Forager starting wood collection. Facing tree at (25, 23).",Move East,"*   Role: Miner.
    *   Position: (24, 25).
    *   Teammates: Agent 0 (Warrior) at (24, 24), Agent 1 (Forager) at (25, 24).
    *   Goal: Gather resources, craft gear, descend.
    *   Immediate surroundings:
        *   Tree at (25, 23) - 2N, 1E.
        *   Stone at (20, 25) - 4W.
        *   Construction site at (26, 26) - 1S, 2E.
        *   Lava at (19, 22).
        *   Tree (3-agent) at (27, 23).
        *   Tree (solo/2-agent) at (20, 29).

    *   Need wood first to make a table and pickaxe.
    *   There's a tree at (25, 23).
    *   Agent 0 and Agent 1 are very close.
    *   I am at (24, 25).
    *   Tree (25, 23) is 2 steps North, 1 step East.
    *   Wait, the observation says ""tree 2 steps north and 1 step east (x=25, y=23)"".
    *   Let's check the distance: (24, 25) to (25, 23). $\Delta x = 1, \Delta y = -2$. Correct.

    *   I need to move towards the tree at (25, 23).
    *   Path: North, North, East (or North, East, North).
    *   Current facing: North.
    *   Agent 0 is at (24, 24) (1 step North).
    *   Agent 1 is at (25, 24) (1 step North, 1 step East).

    *   I'll move North to (24, 24)? No, Agent 0 is there. Move is blocked if it contains another player.
    *   I'll move East to (25, 25), then North to (25, 24)? No, Agent 1 is there.
    *   I'll move South to (24, 26) or West to (23, 25)?
    *   Wait, let's look at the map again.
    *   Me: (24, 25)
    *   Agent 0: (24, 24)
    *   Agent 1: (25, 24)
    *   Tree: (25, 23)
    *   To get to (25, 23), I can go East to (25, 25), then North to (25, 24) (blocked), or North to (24, 24) (blocked).
    *   I need to coordinate with them. They are already closer to the tree.
    *   Let's suggest we all gather wood.

    *   Action: Move East to (25, 25).
    *   Communication: ""Let's gather wood at (25, 23). Agent 0 and 1, please move there. I'll follow.""

    *   Wait, if I move East to (25, 25), I'm at (25, 25).
    *   Then I can move North to (25, 24) once Agent 1 moves.
    *   Actually, let's just move East first.

    *   Wait, let's check the ""tree 2 steps north and 3 steps east (x=27, y=23)"" which requires 3 agents. That's a better target for coordination.
    *   Tree at (27, 23).
    *   Me: (24, 25).
    *   Agent 0: (24, 24).
    *   Agent 1: (25, 24).
    *   Distance to (27, 23): $\Delta x = 3, \Delta y = -2$.
    *   Let's aim for the 3-agent tree to get a bonus/achievement.

    *   Action: Move East.
    *   Communication: ""Everyone, let's go to the 3-agent tree at (27, 23) to gather wood together.""

    *   Wait, I'm a miner. I should eventually get stone. But wood is priority.
    *   Let's start by moving East.

    *   Action: Move East.
    *   Communication: ""Let's gather wood at (27, 23) together. Agent 0 and 1, head there.""
    *   Scratchpad: Moving to (27, 23) for coordinated wood gathering.

    *   Wait, let me double check the ""Move"" rules. ""A move is blocked if the target tile is solid... or if it contains... another player.""
    *   (24, 25) -> East -> (25, 25). (25, 25) is empty. This is a valid move.

    *   Wait, looking at the coordinates:
        Me: (24, 25)
        Agent 0: (24, 24)
        Agent 1: (25, 24)
        Tree 1: (25, 23)
        Tree 2 (3-agent): (27, 23)
        Tree 3 (solo/2-agent): (20, 29)

    *   If I move East to (25, 25), I'm moving away from the 3-agent tree? No, (24, 25) to (27, 23) is East and North.
    *   (24, 25) -> (25, 25) -> (26, 25) -> (27, 25) -> (27, 24) -> (27, 23).

    *   Let's refine the communication.
    *   ""Let's coordinate on the tree at (27, 23). I'm moving there now.""

    *   Wait, I should check if there are any other immediate needs. No, just starting.

    *   Action: Move East.
    *   Communication: ""Let's all gather wood at the 3-agent tree (27, 23). I'm heading there.""
    *   Scratchpad: Target: Tree at (27, 23). Current pos: (24, 25). Moving East.

    *   Wait, let me check the ""Do target"" in the observation: ""Do target: Agent 0 (on grass) (x=24, y=24)"". This is because I'm facing North and Agent 0 is 1 step North. I must not use ""Do"" right now.

    *   Final check on action: Move East.","['Your previous response was empty. You must output <action>YOUR_CHOSEN_ACTION</action>.\n\nLast action: Noop\nReward: +0.000\n\nStep: 1/10000 (9999 remaining, ends early if all agents die)\nPosition: (x=24, y=24)\nRole: warrior\nLocation: Overworld (surface)\nAchievements: 0/93 (39 unlock later)\n\nLevel info:\n- Light: bright (0.81)\n- Level: cleared — you can find the ladder down tile and use Descend to go deeper.\n\nYou see:\n- stone 1 step north and 4 steps west (x=20, y=23)\n- lava 2 steps north and 5 steps west (x=19, y=22)\n- tree 1 step north and 3 steps east (x=27, y=23)\n- construction_site 2 steps south and 2 steps east (x=26, y=26)\n\nFacing: north.\n Do target: grass (x=24, y=23).\n\nCoordination:\n- tree 1 step north and 3 steps east (x=27, y=23): requires 3 agents to select Do simultaneously (fails alone). You are on the south-west side, 4 steps away.\n- construction_site 2 steps south and 2 steps east (x=26, y=26): requires 2 agents to use a Build action simultaneously (fails alone). You are on the north-west side, 4 steps away.\n\nTeammates:\nAgent 1 (forager): 1 step east (x=25, y=24), health=9\nAgent 2 (miner): 1 step south and 1 step east (x=25, y=25), health=9', 'Last action: Do\nReward: +1.000\nAchievements unlocked: Collect Wood\n\nStep: 1/10000 (9999 remaining, ends early if all agents die)\nPosition: (x=25, y=24)\nRole: forager\nLocation: Overworld (surface)\nAchievements: 1/93 (39 unlock later)\n\nLevel info:\n- Light: bright (0.81)\n- Level: cleared — you can find the ladder down tile and use Descend to go deeper.\n\nYou see:\n- stone 4 steps east (x=29, y=24)\n- lava 3 steps north and 5 steps east (x=30, y=21)\n- tree 1 step north and 2 steps east (x=27, y=23)\n- construction_site 2 steps south and 1 step east (x=26, y=26)\n\nFacing: north.\n Do target: grass (x=25, y=23).\n\nCoordination:\n- tree 1 step north and 2 steps east (x=27, y=23): requires 3 agents to select Do simultaneously (fails alone). You are on the south-west side, 3 steps away.\n- construction_site 2 steps south and 1 step east (x=26, y=26): requires 2 agents to use a Build action simultaneously (fails alone). You are on the north-west side, 3 steps away.\n- construction_site 1 step south and 5 steps east (x=30, y=25): works solo but grants a bonus when 2 agents use a Build action simultaneously. You are on the north-west side, 6 steps away.\n\nTeammates:\nAgent 0 (warrior): 1 step west (x=24, y=24), health=9\nAgent 2 (miner): 1 step south (x=25, y=25), health=9', 'Last action: Move East\nReward: +0.000\n\nStep: 1/10000 (9999 remaining, ends early if all agents die)\nPosition: (x=25, y=25)\nRole: miner\nLocation: Overworld (surface)\nAchievements: 0/93 (39 unlock later)\n\nLevel info:\n- Light: bright (0.81)\n- Level: cleared — you can find the ladder down tile and use Descend to go deeper.\n\nYou see:\n- lava 4 steps north and 5 steps east (x=30, y=21)\n- stone 4 steps east (x=29, y=25)\n- tree 2 steps north and 2 steps east (x=27, y=23)\n- construction_site 1 step south and 1 step east (x=26, y=26)\n\nFacing: east.\n Do target: grass (x=26, y=25).\n\nCoordination:\n- construction_site 1 step south and 1 step east (x=26, y=26): requires 2 agents to use a Build action simultaneously (fails alone). You are on the north-west side, 2 steps away.\n- tree 2 steps north and 2 steps east (x=27, y=23): requires 3 agents to select Do simultaneously (fails alone). You are on the south-west side, 4 steps away.\n- construction_site 5 steps east (x=30, y=25): works solo but grants a bonus when 2 agents use a Build action simultaneously. You are on the west side, 5 steps away.\n\nTeammates:\nAgent 0 (warrior): 1 step north and 1 step west (x=24, y=24), health=9\nAgent 1 (forager): 1 step north (x=25, y=24), health=9']","[0.0, 1.0, 0.0]","[False, False, False]"
1,Noop,"*   Role: Warrior.
    *   Position: (24, 24).
    *   Facing: North.
    *   Teammates:
        *   Agent 1 (Forager): (25, 24).
        *   Agent 2 (Miner): (25, 25).
    *   Resources/Objects:
        *   Tree (single): (25, 23) - Agent 1 is chopping this.
        *   Tree (3-agent): (27, 23).
        *   Stone: (20, 23).
        *   Construction site: (26, 26).
    *   Agent 1's plan: Chop tree at (25, 23).
    *   Agent 2's plan: Go to 3-agent tree at (27, 23).

    *   Agent 1 is already at (25, 24), which is adjacent to (25, 23). They can chop it.
    *   Agent 2 wants to coordinate for the 3-agent tree at (27, 23).
    *   As a Warrior, I should support the team. Coordinating for the 3-agent tree is a high-value target (achievement + resources).
    *   To get to (27, 23):
        *   Current: (24, 24).
        *   Target: (27, 23).
        *   Path: Move North to (24, 23), then East to (25, 23) [Blocked by tree], so Move East to (25, 24) [Blocked by Agent 1].
        *   Wait, Agent 1 is at (25, 24). Agent 2 is at (25, 25).
        *   If I move North to (24, 23), I can then move East to (25, 23) [Blocked], or East to (26, 23) [Wait, (25, 23) is a tree, so I can't move *through* it].
        *   Let's re-evaluate the path to (27, 23):
            *   (24, 24) -> (24, 23) [North] -> (25, 23) [Blocked by tree]
            *   (24, 24) -> (24, 25) [South] -> (25, 25) [Blocked by Agent 2]
            *   (24, 24) -> (23, 24) [West] -> (23, 23) [North] -> (24, 23) [East] -> (25, 23) [Blocked]
            *   (24, 24) -> (24, 23) [North] -> (24, 22) [North] -> (25, 22) [East] -> (26, 22) [East] -> (27, 22) [East] -> (27, 23) [South - Target]
            *   Alternatively: (24, 24) -> (24, 25) [South] -> (24, 26) [South] -> (25, 26) [East] -> (26, 26) [East - Construction Site] -> (27, 26) [East] -> (27, 25) [North] -> (27, 24) [North] -> (27, 23) [North - Target]

    *   Let's check the current positions again:
        *   Me: (24, 24)
        *   Agent 1: (25, 24)
        *   Agent 2: (25, 25)
    *   If I move North to (24, 23), I am adjacent to the tree at (25, 23).
    *   If I move North to (24, 23), then North to (24, 22), I can go around the tree.

    *   Agent 2 wants to go to (27, 23). I will join Agent 2.
    *   Agent 1 is chopping (25, 23).

    *   Path to (27, 23) from (24, 24):
        1.  Move North to (24, 23).
        2.  Move North to (24, 22).
        3.  Move East to (25, 22).
        4.  Move East to (26, 22).
        5.  Move East to (27, 22).
        6.  Face South and Do.

    *   Wait, let's see if there's a shorter way.
        (24, 24) -> (24, 25) [Blocked by Agent 2 at (25, 25)? No, (24, 25) is empty].
        (24, 24) -> (24, 25) -> (24, 26) -> (25, 26) -> (26, 26) [Construction site - Blocked]
        So (24, 24) -> (24, 25) -> (25, 25) [Blocked by Agent 2].

    *   Let's go North.

    *   Action: Move North.
    *   Communication: ""I'll join Agent 2 at the 3-agent tree (27, 23). Agent 1, get as much wood as you can from (25, 23) then join us.""

    *   Wait, let's double check the coordinates.
        Tree 1: (25, 23)
        Tree 2: (27, 23)
        Me: (24, 24)
        Agent 1: (25, 24)
        Agent 2: (25, 25)

        If I move North, I'm at (24, 23).
        If Agent 1 is at (25, 24), they are adjacent to (25, 23).
        If Agent 2 is at (25, 25), they are adjacent to (25, 24) and (26, 25).

    *   Let's move North.

    *   Wait, if I move North to (24, 23), I am adjacent to (25, 23). I could help Agent 1 chop the single tree first? No, the rules say ""tree 1 step north and 3 steps east (x=27, y=23): requires 3 agents"". It doesn't say the single tree requires multiple agents.

    *   Let's stick to Agent 2's plan for the 3-agent tree.

    *   Action: Move North.
    *   Communication: ""Joining Agent 2 at (27, 23). Agent 1, finish with the tree at (25, 23) and then come help us sync at (27, 23).""

    *   Wait, let's check if I can move East.
        (24, 24) -> (25, 24) [Agent 1 is here]. Blocked.
        (24, 24) -> (24, 23) [North]. Open.
        (24, 24) -> (24, 25) [South]. Open.
        (24, 24) -> (23, 24) [West]. Open.

    *   Move North is the best start to go around the tree at (25, 23).

    *   Wait, if I move North to (24, 23), I am at (24, 23).
        Then I can move North to (24, 22).
        Then East to (25, 22), (26, 22), (27, 22).
        Then face South and Do.

    *   Let's do it.

    *   Action: Move North.
    *   Communication: ""I'm heading to the 3-agent tree at (27, 23) to join Agent 2. Agent 1, please join us after you're done with the tree at (25, 23).""
    *   Scratchpad: Moving to (27, 23) to coordinate with Agent 2 and eventually Agent 1. Path: (24,",Move East,"*   Current Position: (25, 24)
    *   Role: Forager
    *   Inventory: 1 wood
    *   Facing: North
    *   Target: Grass (the tree at (25, 23) is gone)
    *   Teammates: Agent 0 (Warrior) at (24, 24), Agent 2 (Miner) at (25, 25)
    *   Agent 2's request: Gather wood at the 3-agent tree at (27, 23) together.

    *   Tree at (27, 23) requires 3 agents to `Do` simultaneously.
    *   My current position: (25, 24).
    *   Target position: (27, 23).
    *   Distance: 2 steps east, 1 step north.
    *   Agent 0 is at (24, 24).
    *   Agent 2 is at (25, 25).

    *   To coordinate a 3-agent `Do`, we all need to be adjacent to (27, 23) and face it.
    *   Possible adjacent tiles to (27, 23):
        *   (26, 23) - West
        *   (28, 23) - East
        *   (27, 22) - North
        *   (27, 24) - South
        *   (26, 22) - NW
        *   (28, 22) - NE
        *   (26, 24) - SW
        *   (28, 24) - SE
    *   I am at (25, 24). I can move to (26, 24) (South-West side) or (26, 23) (West side).
    *   Agent 0 is at (24, 24).
    *   Agent 2 is at (25, 25).

    *   I will move towards (27, 23).
    *   First step: Move East to (26, 24).
    *   Then I can move North to (26, 23) or stay at (26, 24) and face East.
    *   Wait, if I move East to (26, 24), I will be facing East. The target is (27, 23).
    *   If I am at (26, 24), facing East, I target (27, 24).
    *   If I am at (26, 23), facing East, I target (27, 23).
    *   So the path is: Move East (26, 24) -> Move North (26, 23) -> Do (facing East).
    *   Alternatively: Move North (25, 23) -> Move East (26, 23) -> Do (facing East).

    *   Let's check the current facing: North.
    *   If I move North, I go to (25, 23).
    *   If I move East, I go to (26, 24).

    *   Let's go East first.
    *   Action: Move East.
    *   Communication: ""Agree. Moving to (27, 23). Agent 0, please join us.""
    *   Scratchpad: Moving to the 3-agent tree at (27, 23). Current pos (25, 24). Target pos (27, 23).

    *   Wait, let's look at the coordination hint again: ""You are on the south-west side, 3 steps away.""
    *   If I am at (25, 24), the target is (27, 23).
    *   $\Delta x = 2, \Delta y = -1$.
    *   Distance = $\max(2, 1) = 2$ steps? No, the hint says 3 steps.
    *   Maybe it counts Manhattan distance? $2 + 1 = 3$.
    *   To be adjacent to (27, 23), I need to be at (26, 23), (28, 23), (27, 22), (27, 24), etc.
    *   From (25, 24):
        *   Move East -> (26, 24). (Adjacent to (27, 23) diagonally).
        *   Move North -> (25, 23). (Not adjacent).
    *   If I move East to (26, 24), I am adjacent. Then I need to face (27, 23).
    *   To face (27, 23) from (26, 24), I need to move in a direction that makes me face it.
    *   Wait, the rules say: ""Any move attempt changes your facing to that direction... Do always targets the tile in your current facing direction.""
    *   From (26, 24), to target (27, 23), I can't just ""face"" it because it's diagonal.
    *   Wait, ""Do always targets the tile in your current facing direction.""
    *   If I am at (26, 24) and I move North, I end up at (26, 23) and face North. Target is (26, 22).
    *   If I am at (26, 24) and I move East, I end up at (27, 24) and face East. Target is (28, 24).
    *   To target (27, 23) from (26, 23), I must face East.
    *   To target (27, 23) from (27, 24), I must face North.
    *   To target (27, 23) from (28, 23), I must face West.
    *   To target (27, 23) from (27, 22), I must face South.

    *   Plan:
        1. Move East to (26, 24).
        2. Move North to (26, 23). (Now facing North, target is (26, 22)).
        3. Move East (blocked by tree) to change facing to East. (Now facing East, target is (27, 23)).
        4. Do.

    *   Wait, if I move East to (26, 24), then move North to (26, 23), I am at (26, 23) facing North.
    *   If I then try to move East, I will be at (27, 23) if it's empty, but it's a tree (solid).
    *   So Move East will be blocked, but my facing will change to East.
    *   Then I can `Do`.

    *   Let's start: Move East.",Move East,"*   Current Position: (25, 25)
    *   Role: Miner
    *   Facing: East
    *   Target: Tree at (27, 23) (3-agent coordination)
    *   Teammates:
        *   Agent 0 (Warrior): (24, 24)
        *   Agent 1 (Forager): (25, 24)
    *   Agent 1's message: ""I'm chopping the tree at (25, 23). Agent 0 and 2, let's gather basic resources before descending.""
    *   Tree at (25, 23) is a solo/basic tree.
    *   Tree at (27, 23) is the 3-agent coordination tree.

    *   Agent 1 is already at (25, 24) and is chopping the tree at (25, 23).
    *   If Agent 1 is already chopping (25, 23), it might be faster to just gather wood from there or nearby rather than forcing a 3-agent sync at (27, 23) right now, especially since Agent 1 has already committed.
    *   However, the 3-agent tree (27, 23) is a good achievement/resource goal.
    *   Let's see where (25, 23) is relative to me: (25, 25) -> (25, 23) is 2 steps North.
    *   Agent 1 is at (25, 24), facing (25, 23).
    *   If I move North to (25, 24), I'll hit Agent 1.
    *   If I move North to (25, 24) *after* Agent 1 moves, I can reach (25, 23).
    *   Wait, Agent 1 is at (25, 24). The tree is at (25, 23). Agent 1 is already adjacent to it.

    *   Agent 1 is chopping (25, 23).
    *   I am at (25, 25).
    *   I can move North to (25, 24) (blocked by Agent 1) or East to (26, 25).
    *   If I want to help Agent 1 or gather wood myself, I need to get to a tile adjacent to a tree.
    *   Tree at (25, 23) is adjacent to (25, 24), (24, 23), (26, 23), (25, 22).
    *   Agent 1 is at (25, 24).
    *   I can move East to (26, 25), then North to (26, 24), then North to (26, 23).

    *   Wait, let's look at the 3-agent tree again: (27, 23).
    *   It's at (27, 23).
    *   Me: (25, 25).
    *   Agent 0: (24, 24).
    *   Agent 1: (25, 24).
    *   If we all go to (27, 23), we can get the achievement and resources.
    *   But Agent 1 is already chopping (25, 23).

    *   Let's try to coordinate with Agent 0 and 1 for the 3-agent tree (27, 23) since it's a specific achievement.
    *   Or, I can just gather wood from (25, 23) after Agent 1 is done.
    *   Actually, as a Miner, I should look for stone.
    *   Stone is at (29, 25).
    *   (25, 25) -> (29, 25) is 4 steps East.
    *   But I need a wood pickaxe first.
    *   Wood pickaxe needs a table (2 wood) and 1 wood. Total 3 wood.
    *   I have 0 wood.

    *   Let's respond to Agent 1.
    *   Agent 1 is chopping (25, 23).
    *   I'll move East to (26, 25) to get closer to the 3-agent tree or the stone.
    *   Actually, let's try to convince them to do the 3-agent tree.

    *   Wait, if Agent 1 is already chopping, they are using their turn.
    *   I'll move East to (26, 25).

    *   Action: Move East.
    *   Communication: ""Agent 1, let's try the 3-agent tree at (27, 23) after you're done with that one! Agent 0, come join us at (27, 23).""
    *   Scratchpad: Moving East to (26, 25). Target: (27, 23) for coordinated wood.

    *   Wait, let me check the map again.
    *   Me: (25, 25)
    *   Agent 0: (24, 24)
    *   Agent 1: (25, 24)
    *   Tree (3-agent): (27, 23)
    *   Stone: (29, 25)
    *   If I move East, I'm at (26, 25).
    *   From (26, 25), I can go East to (27, 25) then North to (27, 24) then North to (27, 23).
    *   Or North to (26, 24) then North to (26, 23) then East to (27, 23).

    *   Let's just move East.

    *   Wait, Agent 1 said ""Agent 0 and 2, let's gather basic resources before descending.""
    *   This means they want us to get wood/stone/etc.
    *   I'll move East.

    *   Action: Move East.
    *   Communication: ""I'm heading towards the 3-agent tree at (27, 23). Let's sync there after Agent 1 finishes the current tree!""
    *   Scratchpad: Moving to (26, 25). Target: (27, 23).

    *   Wait, let me check if I can move North.
    *   (25, 25) -> North -> (25, 24).
    *   Agent 1 is at (25, 24).
    *   Move is blocked.
    *   So Move East is the best option.

    *   Wait, I can move West to (24, 25).
    *   But East is better for the 3-agent tree and stone.

    *   Final decision: Move East.","['Your previous response was empty. You must output <action>YOUR_CHOSEN_ACTION</action>.\n\nLast action: Noop\nReward: +0.000\n\nStep: 2/10000 (9998 remaining, ends early if all agents die)\nPosition: (x=24, y=24)\nRole: warrior\nLocation: Overworld (surface)\nAchievements: 0/93 (39 unlock later)\n\nLevel info:\n- Light: bright (0.81)\n- Level: cleared — you can find the ladder down tile and use Descend to go deeper.\n\nYou see:\n- stone 1 step north and 4 steps west (x=20, y=23)\n- lava 2 steps north and 5 steps west (x=19, y=22)\n- tree 1 step north and 3 steps east (x=27, y=23)\n- construction_site 2 steps south and 2 steps east (x=26, y=26)\n\nFacing: north.\n Do target: grass (x=24, y=23).\n\nCoordination:\n- tree 1 step north and 3 steps east (x=27, y=23): requires 3 agents to select Do simultaneously (fails alone). You are on the south-west side, 4 steps away.\n- construction_site 2 steps south and 2 steps east (x=26, y=26): requires 2 agents to use a Build action simultaneously (fails alone). You are on the north-west side, 4 steps away.\n\nTeammates:\nAgent 1 (forager): 2 steps east (x=26, y=24), health=9\nAgent 2 (miner): 1 step south and 2 steps east (x=26, y=25), health=9', 'Last action: Move East\nReward: +0.000\n\nStep: 2/10000 (9998 remaining, ends early if all agents die)\nPosition: (x=26, y=24)\nRole: forager\nLocation: Overworld (surface)\nAchievements: 1/93 (39 unlock later)\n\nLevel info:\n- Light: bright (0.81)\n- Level: cleared — you can find the ladder down tile and use Descend to go deeper.\n\nYou see:\n- stone 3 steps east (x=29, y=24)\n- lava 3 steps north and 4 steps east (x=30, y=21)\n- tree 1 step north and 1 step east (x=27, y=23)\n- construction_site 2 steps south (x=26, y=26)\n\nFacing: east.\n Do target: grass (x=27, y=24).\n\nCoordination:\n- tree 1 step north and 1 step east (x=27, y=23): requires 3 agents to select Do simultaneously (fails alone). You are on the south-west side, 2 steps away.\n- construction_site 2 steps south (x=26, y=26): requires 2 agents to use a Build action simultaneously (fails alone). You are on the north side, 2 steps away.\n- construction_site 1 step south and 4 steps east (x=30, y=25): works solo but grants a bonus when 2 agents use a Build action simultaneously. You are on the north-west side, 5 steps away.\n- stone 4 steps south and 5 steps east (x=31, y=28): works solo but grants a bonus when 3 agents select Do simultaneously. You are on the north-west side, 9 steps away.\n\nTeammates:\nAgent 0 (warrior): 2 steps west (x=24, y=24), health=9\nAgent 2 (miner): 1 step south (x=26, y=25), health=9', 'Last action: Move East\nReward: +0.000\n\nStep: 2/10000 (9998 remaining, ends early if all agents die)\nPosition: (x=26, y=25)\nRole: miner\nLocation: Overworld (surface)\nAchievements: 0/93 (39 unlock later)\n\nLevel info:\n- Light: bright (0.81)\n- Level: cleared — you can find the ladder down tile and use Descend to go deeper.\n\nYou see:\n- lava 2 steps south and 5 steps east (x=31, y=27)\n- tree 2 steps north and 1 step east (x=27, y=23)\n- stone 3 steps east (x=29, y=25)\n- construction_site 1 step south (x=26, y=26)\n\nFacing: east.\n Do target: grass (x=27, y=25).\n\nCoordination:\n- construction_site 1 step south (x=26, y=26): requires 2 agents to use a Build action simultaneously (fails alone). You are on the north side, adjacent (facing east).\n- tree 2 steps north and 1 step east (x=27, y=23): requires 3 agents to select Do simultaneously (fails alone). You are on the south-west side, 3 steps away.\n- construction_site 4 steps east (x=30, y=25): works solo but grants a bonus when 2 agents use a Build action simultaneously. You are on the west side, 4 steps away.\n- stone 3 steps south and 5 steps east (x=31, y=28): works solo but grants a bonus when 3 agents select Do simultaneously. You are on the north-west side, 8 steps away.\n\nTeammates:\nAgent 0 (warrior): 1 step north and 2 steps west (x=24, y=24), health=9\nAgent 1 (forager): 1 step north (x=26, y=24), health=9']","[0.0, 0.0, 0.0]","[False, False, False]"
2,Move North,"*   Role: Warrior.
    *   Position: (24, 24).
    *   Facing: North.
    *   Target: 3-agent tree at (27, 23).
    *   Teammates:
        *   Agent 1 (Forager): (26, 24).
        *   Agent 2 (Miner): (26, 25).
    *   Goal: Coordinate with Agent 1 and Agent 2 to chop the tree at (27, 23).

    *   Current: (24, 24).
    *   Target: (27, 23).
    *   Agent 1 is at (26, 24).
    *   Agent 2 is at (26, 25).
    *   The tree is at (27, 23).
    *   To get to (27, 23), I need to be adjacent to it.
    *   Possible adjacent tiles to (27, 23): (26, 23), (27, 22), (28, 23), (27, 24).
    *   Path from (24, 24):
        *   Move East to (25, 24).
        *   Move East to (26, 24) [Blocked by Agent 1].
        *   Wait, Agent 1 is at (26, 24).
        *   Let's try: Move North to (24, 23) -> Move East to (25, 23) [Wait, is there a tree at (25, 23)? The previous observation said there was, but the current one doesn't list it. Let me check the current observation again].
        *   Current observation:
            - stone (20, 23)
            - lava (19, 22)
            - tree (27, 23)
            - construction_site (26, 26)
        *   The tree at (25, 23) is gone! Agent 1 must have chopped it.
        *   Now the path is clear.
        *   Path: (24, 24) -> (25, 24) -> (26, 24) [Blocked by Agent 1] -> (26, 23) [North].
        *   Wait, if I move East to (25, 24), then North to (25, 23), then East to (26, 23), I'm adjacent to (27, 23).
        *   Or: (24, 24) -> (24, 23) [North] -> (25, 23) [East] -> (26, 23) [East].

    *   Let's go North first.

    *   Action: Move North.
    *   Communication: ""Moving to (27, 23) now. I'll take position at (26, 23). Let's sync once we're all in place.""
    *   Scratchpad: Target (27, 23). Path: (24, 24) -> (24, 23) -> (25, 23) -> (26, 23).

    *   Wait, let's check if (25, 24) is empty. Yes, Agent 1 is at (26, 24).
    *   (24, 24) -> (25, 24) [East] -> (26, 24) [Blocked by Agent 1].
    *   (24, 24) -> (24, 23) [North] -> (25, 23) [East] -> (26, 23) [East]. This seems efficient.

    *   Let's double check the coordinates of the tree: (27, 23).
    *   Adjacent tiles: (26, 23), (27, 22), (28, 23), (27, 24).
    *   If I am at (26, 23) and face East, I target (27, 23).

    *   Action: Move North.",Move North,"*   Current Position: (26, 24)
    *   Role: Forager
    *   Facing: East
    *   Target: (27, 24)
    *   Goal: Coordinate with Agent 0 and Agent 2 to gather wood from the tree at (27, 23).
    *   Tree Position: (27, 23)
    *   Teammates:
        *   Agent 0 (Warrior): (24, 24)
        *   Agent 2 (Miner): (26, 25)

    *   To target (27, 23), I need to be at:
        *   (26, 23) facing East
        *   (27, 24) facing North
        *   (28, 23) facing West
        *   (27, 22) facing South
    *   Current position: (26, 24).
    *   Next step in plan: Move North to (26, 23).

    *   Agent 2 is at (26, 25).
    *   Agent 0 is at (24, 24).
    *   Agent 2 said: ""I'm heading towards the 3-agent tree at (27, 23). Let's sync there after Agent 1 finishes the current tree!"" (I am Agent 1).
    *   I already finished the tree at (25, 23) in Step 1.

    *   Action: Move North.
    *   Communication: ""I'm moving to (26, 23) to face the tree at (27, 23). Agent 0, please move to (27, 24) or (28, 23) so we can sync.""
    *   Scratchpad: Current pos (26, 24). Moving North to (26, 23). Then I'll face East and Do.

    *   Wait, if I move North to (26, 23), I will be facing North.
    *   Then I will need to move East (blocked) to face East.
    *   Then I will `Do`.

    *   Let's refine the communication to be more precise.
    *   ""Moving to (26, 23). Agent 0, please come to (27, 23). Agent 2, please come to (27, 23). Let's sync Do on the tree.""

    *   Wait, Agent 0 is at (24, 24). Agent 2 is at (26, 25).
    *   If I am at (26, 23) facing East, I target (27, 23).
    *   If Agent 2 is at (27, 24) facing North, they target (27, 23).
    *   If Agent 0 is at (28, 23) facing West, they target (27, 23).
    *   This would be a perfect sync.

    *   Action: Move North.",Move East,"*   Current Position: (26, 25)
    *   Role: Miner
    *   Facing: East
    *   Target: Tree at (27, 23) (3-agent coordination)
    *   Teammates:
        *   Agent 0 (Warrior): (24, 24)
        *   Agent 1 (Forager): (26, 24)
    *   Agent 1's message: ""Agree. Moving to the 3-agent tree at (27, 23). Agent 0, please join us!""

    *   Tree is at (27, 23).
    *   I am at (26, 25).
    *   Agent 1 is at (26, 24).
    *   Agent 0 is at (24, 24).

    *   To reach (27, 23), I need to be adjacent to it.
    *   Adjacent tiles to (27, 23): (27, 22), (27, 24), (26, 23), (28, 23).
    *   From (26, 25), I can move North to (26, 24) (blocked by Agent 1) or East to (27, 25).
    *   Wait, Agent 1 is at (26, 24). If Agent 1 moves to (27, 24) or (26, 23), the path North for me opens up.
    *   If I move East to (27, 25), I can then move North to (27, 24).

    *   Let's check Agent 1's position again: (26, 24).
    *   If I move East to (27, 25), I'm closer to the target.

    *   Wait, let's look at the coordinates:
        *   Me: (26, 25)
        *   Target: (27, 23)
        *   Agent 1: (26, 24)
        *   Agent 0: (24, 24)

    *   If I move East to (27, 25), I am at (27, 25).
    *   Then I can move North to (27, 24).
    *   (27, 24) is adjacent to (27, 23).

    *   Let's see if I can move North.
    *   (26, 25) -> North -> (26, 24).
    *   Agent 1 is at (26, 24). Blocked.

    *   So, Move East to (27, 25).

    *   Action: Move East.
    *   Communication: ""Moving to (27, 25) then (27, 24) to help with the tree. Agent 0, hurry up!""
    *   Scratchpad: Moving to (27, 25). Target: (27, 23) for 3-agent sync. Agent 1 is at (26, 24). Agent 0 is at (24, 24).

    *   Wait, let me double check the 3-agent tree coordinates.
    *   Observation says: ""tree 2 steps north and 1 step east (x=27, y=23)"".
    *   My current pos: (26, 25).
    *   2 steps north: 25 -> 23.
    *   1 step east: 26 -> 27.
    *   Correct.

    *   Let's check Agent 1's position: (26, 24).
    *   Agent 1 is 1 step north of me.
    *   If I move East, I'll be at (27, 25).
    *   Then I can move North to (27, 24).
    *   (27, 24) is adjacent to (27, 23).

    *   Wait, if Agent 1 is at (26, 24), they are already adjacent to (27, 23) (it's 1 step east of them).
    *   Wait, (26, 24) is adjacent to (27, 24), (25, 24), (26, 23), (26, 25).
    *   Is (26, 24) adjacent to (27, 23)?
    *   No, (26, 24) and (27, 23) are diagonal.
    *   The rules say: ""N agents must each stand on a different tile adjacent to the shared target"".
    *   Usually, ""adjacent"" in these games means cardinal (N, S, E, W).
    *   Let's assume cardinal adjacency.
    *   Adjacent to (27, 23): (27, 22), (27, 24), (26, 23), (28, 23).
    *   Agent 1 is at (26, 24). They need to move to one of those.
    *   I am at (26, 25). I need to move to one of those.
    *   Agent 0 is at (24, 24). They need to move to one of those.

    *   Plan:
        *   Me: (26, 25) -> East (27, 25) -> North (27, 24).
        *   Agent 1: (26, 24) -> North (26, 23).
        *   Agent 0: (24, 24) -> East (25, 24) -> East (26, 24) -> East (27, 24) ... no, that's blocked.
        *   Agent 0: (24, 24) -> North (24, 23) -> East (25, 23) -> East (26, 23) ... no.
        *   Agent 0: (24, 24) -> East (25, 24) -> North (25, 23) -> East (26, 23) -> East (27, 23) ... no.

    *   Let's just move East for now.

    *   Action: Move East.
    *   Communication: ""Moving to (27, 25). Let's all meet around the tree at (27, 23). Agent 0, please head East/North.""
    *   Scratchpad: Moving to (27, 25). Target: (27, 23). Agent 1 is at (26, 24). Agent 0 is at (24, 24).","['Last action: Move North\nReward: +0.000\n\nStep: 3/10000 (9997 remaining, ends early if all agents die)\nPosition: (x=24, y=23)\nRole: warrior\nLocation: Overworld (surface)\nAchievements: 0/93 (39 unlock later)\n\nLevel info:\n- Light: bright (0.82)\n- Level: cleared — you can find the ladder down tile and use Descend to go deeper.\n\nYou see:\n- stone 4 steps west (x=20, y=23)\n- coal 4 steps north and 2 steps west (x=22, y=19)\n- lava 1 step north and 5 steps west (x=19, y=22)\n- tree 3 steps east (x=27, y=23)\n- construction_site 3 steps south and 2 steps east (x=26, y=26)\n\nFacing: north.\n Do target: grass (x=24, y=22).\n\nCoordination:\n- tree 3 steps east (x=27, y=23): requires 3 agents to select Do simultaneously (fails alone). You are on the west side, 3 steps away.\n- construction_site 3 steps south and 2 steps east (x=26, y=26): requires 2 agents to use a Build action simultaneously (fails alone). You are on the north-west side, 5 steps away.\n- coal 4 steps north and 2 steps west (x=22, y=19): works solo but grants a bonus when 2 agents select Do simultaneously. You are on the south-east side, 6 steps away.\n\nTeammates:\nAgent 1 (forager): 2 steps east (x=26, y=23), health=9\nAgent 2 (miner): 2 steps south and 3 steps east (x=27, y=25), health=9', 'Last action: Move North\nReward: +0.000\n\nStep: 3/10000 (9997 remaining, ends early if all agents die)\nPosition: (x=26, y=23)\nRole: forager\nLocation: Overworld (surface)\nAchievements: 1/93 (39 unlock later)\n\nLevel info:\n- Light: bright (0.82)\n- Level: cleared — you can find the ladder down tile and use Descend to go deeper.\n\nYou see:\n- stone 3 steps east (x=29, y=23)\n- coal 4 steps north and 4 steps west (x=22, y=19)\n- lava 2 steps north and 4 steps east (x=30, y=21)\n- tree 1 step east (x=27, y=23)\n- construction_site 3 steps south (x=26, y=26)\n\nFacing: north.\n Do target: grass (x=26, y=22).\n\nCoordination:\n- tree 1 step east (x=27, y=23): requires 3 agents to select Do simultaneously (fails alone). You are on the west side, adjacent (facing north).\n- construction_site 3 steps south (x=26, y=26): requires 2 agents to use a Build action simultaneously (fails alone). You are on the north side, 3 steps away.\n- construction_site 2 steps south and 4 steps east (x=30, y=25): works solo but grants a bonus when 2 agents use a Build action simultaneously. You are on the north-west side, 6 steps away.\n\nTeammates:\nAgent 0 (warrior): 2 steps west (x=24, y=23), health=9\nAgent 2 (miner): 2 steps south and 1 step east (x=27, y=25), health=9', 'Last action: Move East\nReward: +0.000\n\nStep: 3/10000 (9997 remaining, ends early if all agents die)\nPosition: (x=27, y=25)\nRole: miner\nLocation: Overworld (surface)\nAchievements: 0/93 (39 unlock later)\n\nLevel info:\n- Light: bright (0.82)\n- Level: cleared — you can find the ladder down tile and use Descend to go deeper.\n\nYou see:\n- lava 2 steps south and 4 steps east (x=31, y=27)\n- tree 2 steps north (x=27, y=23)\n- stone 2 steps east (x=29, y=25)\n- ladder down 2 steps north and 5 steps east (x=32, y=23)\n- construction_site 1 step south and 1 step west (x=26, y=26)\n\nFacing: east.\n Do target: grass (x=28, y=25).\n\nCoordination:\n- tree 2 steps north (x=27, y=23): requires 3 agents to select Do simultaneously (fails alone). You are on the south side, 2 steps away.\n- construction_site 1 step south and 1 step west (x=26, y=26): requires 2 agents to use a Build action simultaneously (fails alone). You are on the north-east side, 2 steps away.\n- construction_site 3 steps east (x=30, y=25): works solo but grants a bonus when 2 agents use a Build action simultaneously. You are on the west side, 3 steps away.\n- stone 3 steps south and 4 steps east (x=31, y=28): works solo but grants a bonus when 3 agents select Do simultaneously. You are on the north-west side, 7 steps away.\n\nTeammates:\nAgent 0 (warrior): 2 steps north and 3 steps west (x=24, y=23), health=9\nAgent 1 (forager): 2 steps north and 1 step west (x=26, y=23), health=9']","[0.0, 0.0, 0.0]","[False, False, False]"
3,Move East,"*   Current Position: (24, 23)
    *   Target: Tree at (27, 23)
    *   Teammates:
        *   Agent 1 (Forager): (26, 23) - Already in position to face the tree (facing East).
        *   Agent 2 (Miner): (27, 25) - Needs to move North to (27, 24) to face the tree (facing North).
    *   My Goal: Get to a position adjacent to (27, 23) and face it.
    *   Available adjacent tiles to (27, 23): (26, 23), (27, 22), (28, 23), (27, 24).
    *   Agent 1 is at (26, 23).
    *   Agent 2 is at (27, 25).
    *   I am at (24, 23).
    *   Path to (27, 23):
        *   Move East to (25, 23).
        *   Move East to (26, 23) [Blocked by Agent 1].
        *   Wait, if I move East to (25, 23), I can then move East again? No, Agent 1 is at (26, 23).
        *   I can move East to (25, 23), then North to (25, 22), then East to (26, 22), then East to (27, 22).
        *   Or I can move East to (25, 23), then East to (26, 23) is blocked.
        *   Let's check Agent 1's position again: (26, 23).
        *   If I move East to (25, 23), I am 2 steps away from the tree.
        *   If I move East to (25, 23), then North to (25, 22), then East to (26, 22), then East to (27, 22).
        *   Alternatively, I can move East to (25, 23), then East to (26, 23) is blocked.
        *   Wait, if Agent 1 is at (26, 23), they are already adjacent to the tree (27, 23).
        *   I can move East to (25, 23). Then I can't move to (26, 23).
        *   I can move East to (25, 23), then North to (25, 22), then East to (26, 22), then East to (27, 22).
        *   Or I can move East to (25, 23), then South to (25, 24), then East to (26, 24), then East to (27, 24).
        *   Let's try moving East first.

    *   Action: Move East.
    *   Communication: ""Moving East to (25, 23). I'll then move to (27, 22) or (27, 24) to avoid blocking Agent 1.""
    *   Scratchpad: Target (27, 23). Current (24, 23). Agent 1 at (26, 23). Agent 2 at (27, 25). Path: (24, 23) -> (25, 23) -> (25, 22) -> (26, 22) -> (27, 22).",Move East,"*   Current Position: (26, 23)
    *   Facing: North
    *   Target Tree: (27, 23)
    *   Role: Forager
    *   Teammates:
        *   Agent 0 (Warrior): (24, 23)
        *   Agent 2 (Miner): (27, 25)

    *   To target (27, 23), I need to face East.
    *   Current facing is North.
    *   I can change facing by attempting to move East. Since (27, 23) is a tree (solid), moving East will be blocked, but my facing will change to East.

    *   Agent 0 is at (24, 23). He said he's aiming for (26, 23), but I am already there. He needs to move to a different adjacent tile (e.g., (27, 24) or (28, 23)).
    *   Agent 2 is at (27, 25). He needs to move to (27, 24) to face North and target (27, 23).

    *   I need to be at (26, 23) facing East.
    *   Agent 2 should be at (27, 24) facing North.
    *   Agent 0 should be at (28, 23) facing West or (27, 22) facing South.

    *   Action: Move East (to change facing to East).
    *   Communication: ""I'm at (26, 23) facing East. Agent 2, move to (27, 24) and face North. Agent 0, move to (28, 23) and face West. Let's sync Do on the tree at (27, 23) once we are all set.""
    *   Scratchpad: I am at (26, 23). Moving East to change facing. Next turn will be `Do` if teammates are in position.

    *   Wait, Agent 0 said ""I'll aim for position (26, 23)"". I should warn him that I'm already there.

    *   Action: Move East.
    *   Communication: ""I'm already at (26, 23)! Agent 0, please go to (28, 23) and face West. Agent 2, please go to (27, 24) and face North. I'll face East. Let's sync Do on the tree at (27, 23).""
    *   Scratchpad: Pos (26, 23), facing North -> East. Target (27, 23).

    *   Wait, if I move East, I'll be facing East.
    *   If Agent 2 moves North from (27, 25) to (27, 24), he'll be facing North.
    *   If Agent 0 moves East from (24, 23) to (25, 23) -> (26, 23) [blocked] -> (27, 23) [blocked]... he needs to go around.
    *   Agent 0 path: (24, 23) -> (24, 22) -> (25, 22) -> (26, 22) -> (27, 22) facing North.
    *   Or (24, 23) -> (25, 23) [blocked by tree? No, tree is at 27, 23] -> (26, 23) [blocked by me].
    *   Agent 0 is at (24, 23). I am at (26, 23).
    *   Agent 0 can go (24, 23) -> (25, 23) -> (26, 23) [blocked] -> (26, 24) -> (27, 24) -> (28, 24) -> (28, 23) facing West.

    *   Let's keep it simple.
    *   Action: Move East.
    *   Communication: ""I'm at (26, 23) facing East. Agent 0, don't come to (26, 23), I'm here. Go to (28, 23) and face West. Agent 2, go to (27, 24) and face North. Then we sync Do.""",Move North,"*   Current Position: (27, 25)
    *   Role: Miner
    *   Facing: East
    *   Target: Tree at (27, 23) (3-agent sync)
    *   Teammates:
        *   Agent 0 (Warrior): (24, 23)
        *   Agent 1 (Forager): (26, 23)

    *   Tree is at (27, 23).
    *   Adjacent tiles: (27, 22), (27, 24), (26, 23), (28, 23).
    *   Agent 1 is at (26, 23). (Adjacent)
    *   Agent 0 is at (24, 23). (Not adjacent, needs to move East)
    *   I am at (27, 25). (Not adjacent, needs to move North)

    *   I need to move to (27, 24) to be adjacent to (27, 23).
    *   From (27, 25), Move North takes me to (27, 24).

    *   Agent 1 is at (26, 23).
    *   Agent 0 is at (24, 23).
    *   If I move to (27, 24), I'll be adjacent.
    *   Agent 0 needs to move to (27, 22) or (28, 23) or (27, 24) (but I'll be there).
    *   Wait, Agent 0 said ""I'll aim for position (26, 23)"", but Agent 1 is already there. Agent 0 might be confused or Agent 1 moved first.
    *   Actually, Agent 1 is at (26, 23). Agent 0 is at (24, 23).
    *   Agent 0 needs to move East to (25, 23), then (26, 23) (blocked by Agent 1), then (27, 23) (blocked by tree).
    *   Agent 0 should move to (27, 22) or (28, 23).

    *   Action: Move North.
    *   Communication: ""Moving to (27, 24). Agent 0, Agent 1 is already at (26, 23). Please move to (27, 22) or (28, 23) so we can sync!""
    *   Scratchpad: Moving to (27, 24). Target: (27, 23). Agent 1 is at (26, 23). Agent 0 is at (24, 23).

    *   Wait, let me check the facing. I am facing East.
    *   If I move North, I will face North.
    *   If I am at (27, 24) and face North, I will be facing (27, 23). Perfect.

    *   Let's double check Agent 0's position: (24, 23).
    *   Agent 0 is 3 steps west of the tree.
    *   Agent 1 is at (26, 23). (1 step west of the tree).
    *   I am at (27, 25). (2 steps south of the tree).

    *   Action: Move North.
    *   Communication: ""Moving to (27, 24). Agent 0, Agent 1 is at (26, 23). Please move to (27, 22) or (28, 23) to avoid blocking.""
    *   Scratchpad: Moving to (27, 24). Target: (27, 23). Agent 1: (26, 23). Agent 0: (24, 23).","['Last action: Move East\nReward: +0.000\n\nStep: 4/10000 (9996 remaining, ends early if all agents die)\nPosition: (x=25, y=23)\nRole: warrior\nLocation: Overworld (surface)\nAchievements: 0/93 (39 unlock later)\n\nLevel info:\n- Light: bright (0.83)\n- Level: cleared — you can find the ladder down tile and use Descend to go deeper.\n\nYou see:\n- stone 4 steps east (x=29, y=23)\n- coal 4 steps north and 3 steps west (x=22, y=19)\n- lava 2 steps north and 5 steps east (x=30, y=21)\n- tree 2 steps east (x=27, y=23)\n- construction_site 3 steps south and 1 step east (x=26, y=26)\n\nFacing: east.\n Do target: Agent 1 (on grass) (x=26, y=23).\n\nCoordination:\n- tree 2 steps east (x=27, y=23): requires 3 agents to select Do simultaneously (fails alone). You are on the west side, 2 steps away.\n- construction_site 3 steps south and 1 step east (x=26, y=26): requires 2 agents to use a Build action simultaneously (fails alone). You are on the north-west side, 4 steps away.\n- coal 4 steps north and 3 steps west (x=22, y=19): works solo but grants a bonus when 2 agents select Do simultaneously. You are on the south-east side, 7 steps away.\n\nTeammates:\nAgent 1 (forager): 1 step east (x=26, y=23), health=9\nAgent 2 (miner): 1 step south and 2 steps east (x=27, y=24), health=9', 'Last action: Move East\nReward: +0.000\n\nStep: 4/10000 (9996 remaining, ends early if all agents die)\nPosition: (x=26, y=23)\nRole: forager\nLocation: Overworld (surface)\nAchievements: 1/93 (39 unlock later)\n\nLevel info:\n- Light: bright (0.83)\n- Level: cleared — you can find the ladder down tile and use Descend to go deeper.\n\nYou see:\n- stone 3 steps east (x=29, y=23)\n- coal 4 steps north and 4 steps west (x=22, y=19)\n- lava 2 steps north and 4 steps east (x=30, y=21)\n- tree 1 step east (x=27, y=23)\n- construction_site 3 steps south (x=26, y=26)\n\nFacing: east.\n Do target: tree (x=27, y=23).\n\nCoordination:\n- tree 1 step east (x=27, y=23): requires 3 agents to select Do simultaneously (fails alone). You are on the west side, adjacent (facing target).\n- construction_site 3 steps south (x=26, y=26): requires 2 agents to use a Build action simultaneously (fails alone). You are on the north side, 3 steps away.\n- construction_site 2 steps south and 4 steps east (x=30, y=25): works solo but grants a bonus when 2 agents use a Build action simultaneously. You are on the north-west side, 6 steps away.\n\nTeammates:\nAgent 0 (warrior): 1 step west (x=25, y=23), health=9\nAgent 2 (miner): 1 step south and 1 step east (x=27, y=24), health=9', 'Last action: Move North\nReward: +0.000\n\nStep: 4/10000 (9996 remaining, ends early if all agents die)\nPosition: (x=27, y=24)\nRole: miner\nLocation: Overworld (surface)\nAchievements: 0/93 (39 unlock later)\n\nLevel info:\n- Light: bright (0.83)\n- Level: cleared — you can find the ladder down tile and use Descend to go deeper.\n\nYou see:\n- stone 2 steps east (x=29, y=24)\n- lava 3 steps north and 3 steps east (x=30, y=21)\n- tree 1 step north (x=27, y=23)\n- ladder down 1 step north and 5 steps east (x=32, y=23)\n- construction_site 2 steps south and 1 step west (x=26, y=26)\n\nFacing: north.\n Do target: tree (x=27, y=23).\n\nCoordination:\n- tree 1 step north (x=27, y=23): requires 3 agents to select Do simultaneously (fails alone). You are on the south side, adjacent (facing target).\n- construction_site 2 steps south and 1 step west (x=26, y=26): requires 2 agents to use a Build action simultaneously (fails alone). You are on the north-east side, 3 steps away.\n- construction_site 1 step south and 3 steps east (x=30, y=25): works solo but grants a bonus when 2 agents use a Build action simultaneously. You are on the north-west side, 4 steps away.\n- stone 4 steps south and 4 steps east (x=31, y=28): works solo but grants a bonus when 3 agents select Do simultaneously. You are on the north-west side, 8 steps away.\n\nTeammates:\nAgent 0 (warrior): 1 step north and 2 steps west (x=25, y=23), health=9\nAgent 1 (forager): 1 step north and 1 step west (x=26, y=23), health=9']","[0.0, 0.0, 0.0]","[False, False, False]"
4,Move North,"*   Current Position: (25, 23)
    *   Target: Tree at (27, 23)
    *   Teammates:
        *   Agent 1 (Forager): (26, 23) - Facing East (already in position).
        *   Agent 2 (Miner): (27, 24) - Facing North (already in position).
    *   My Goal: Get to a position adjacent to (27, 23) and face it.
    *   Available adjacent tiles: (26, 23), (27, 22), (28, 23), (27, 24).
    *   Occupied tiles: (26, 23) by Agent 1, (27, 24) by Agent 2.
    *   Available tiles for me: (27, 22) or (28, 23).
    *   Agent 1 suggests (28, 23) facing West.
    *   Agent 2 suggests (27, 22) or (28, 23).
    *   Path to (27, 22):
        *   Current: (25, 23)
        *   Move North to (25, 22)
        *   Move East to (26, 22)
        *   Move East to (27, 22)
        *   Face South (by moving South or just being there? No, facing is set by last move. To face South, I must move South. But if I move South from (27, 22), I end up at (27, 23) which is the tree. Wait, the rules say: ""Any move attempt changes your facing to that direction, even if the move is blocked"". So if I am at (27, 22) and I try to move South, I will face South and stay at (27, 22) because the tree is solid.)
    *   Path to (28, 23):
        *   Current: (25, 23)
        *   Move North to (25, 22)
        *   Move East to (26, 22)
        *   Move East to (27, 22)
        *   Move East to (28, 23) - Wait, (27, 23) is the tree. I can't move through it.
        *   Path to (28, 23): (25, 23) -> (25, 22) -> (26, 22) -> (27, 22) -> (28, 22) -> (28, 23).
    *   Let's go for (27, 22). It's closer.
    *   Step 1: Move North to (25, 22).

    *   Action: Move North.
    *   Communication: ""Moving to (27, 22) to sync Do on the tree. I'll be there in 3 moves.""
    *   Scratchpad: Target (27, 23). Current (25, 23). Agent 1 (26, 23), Agent 2 (27, 24). Path: (25, 23) -> (25, 22) -> (26, 22) -> (27, 22). Then face South.",Noop,"*   My position: (26, 23)
    *   My facing: East
    *   Target: Tree at (27, 23)
    *   Agent 0 position: (25, 23)
    *   Agent 2 position: (27, 24)
    *   Target Tree (27, 23) requires 3 agents to `Do` simultaneously.
    *   Current adjacency:
        *   Me: (26, 23) - West side, facing East (Correct)
        *   Agent 2: (27, 24) - South side, facing North (Assuming he moved North to get there)
        *   Agent 0: (25, 23) - Not adjacent to (27, 23). He is 2 steps west.

    *   Agent 0 needs to move to an adjacent tile: (27, 22), (28, 23), or (27, 24) [blocked by Agent 2].
    *   Agent 0 is at (25, 23). He can move East to (26, 23) [blocked by me] or move North/South first.
    *   Agent 0's current plan: ""move to (27, 22) or (27, 24)"".
    *   Agent 2 is already at (27, 24).
    *   Agent 0 should go to (27, 22) or (28, 23).

    *   I am in position and facing the target. I should wait for Agent 0.
    *   I will communicate clearly to Agent 0 where to go.

    *   Action: `Noop` (or `Move East` again to stay facing East, but `Noop` preserves facing). Wait, the rules say ""your facing direction is set by your last movement action and persists until you move again."" So `Noop` is fine.
    *   Communication: ""Agent 0, I'm at (26, 23) facing East. Agent 2 is at (27, 24) facing North. Please move to (27, 22) and face North, or (28, 23) and face West. Once you are in place and facing the tree, we all Do!""
    *   Scratchpad: Pos (26, 23), facing East. Target (27, 23). Agent 2 at (27, 24). Agent 0 at (25, 23). Waiting for Agent 0 to reach (27, 22) or (28, 23).",Noop,"*   Current Position: (27, 24)
    *   Facing: North
    *   Target: Tree at (27, 23)
    *   Role: Miner
    *   Teammates:
        *   Agent 0 (Warrior): (25, 23)
        *   Agent 1 (Forager): (26, 23)

    *   Tree is at (27, 23).
    *   Agent 1 is at (26, 23) and facing East (facing the tree).
    *   I am at (27, 24) and facing North (facing the tree).
    *   Agent 0 is at (25, 23). He needs to be adjacent to (27, 23).
    *   Adjacent tiles to (27, 23) are: (26, 23), (28, 23), (27, 22), (27, 24).
    *   Agent 1 is at (26, 23).
    *   I am at (27, 24).
    *   Agent 0 is at (25, 23). He needs to move to (28, 23) or (27, 22).
    *   Agent 1 suggested Agent 0 go to (28, 23) and face West.

    *   I am in position (27, 24) and facing North.
    *   Agent 1 is in position (26, 23) and facing East.
    *   Agent 0 is at (25, 23). He is not yet adjacent.
    *   I cannot `Do` yet because the tree requires 3 agents. If I `Do` now, it will fail.
    *   I must wait for Agent 0 to reach an adjacent tile and face the tree.

    *   Action: `Noop` (or wait). Since I'm already in the correct spot and facing the correct direction, I should wait for Agent 0.
    *   Communication: ""I am at (27, 24) facing North. Agent 1 is at (26, 23) facing East. Agent 0, please move to (28, 23) and face West. Once you are ready, we sync Do!""
    *   Scratchpad: Positioned at (27, 24) facing North. Agent 1 at (26, 23) facing East. Waiting for Agent 0 to reach (28, 23) and face West.

    *   Wait, can I move to help? No, I'm already in the spot Agent 1 requested.
    *   Is there any other action? No, `Noop` is the safest way to wait for synchronization.

    *   Wait, let me check Agent 0's position again: (25, 23).
    *   To get to (28, 23), Agent 0 needs to move East 3 times: (26, 23) -> (27, 23) -> (28, 23).
    *   But (26, 23) is occupied by Agent 1 and (27, 23) is the tree.
    *   Agent 0 cannot move through Agent 1 or the tree.
    *   Agent 0 must go around.
    *   Possible paths for Agent 0:
        *   (25, 23) -> (25, 22) -> (26, 22) -> (27, 22) (Adjacent!)
        *   (25, 23) -> (25, 24) -> (26, 24) -> (27, 24) (Blocked by me)
    *   So Agent 0 should probably go to (27, 22) and face South.

    *   Let's update the communication to suggest (27, 22) instead of (28, 23) because (28, 23) is blocked by the tree/Agent 1.
    *   Wait, Agent 1 is at (26, 23). The tree is at (27, 23).
    *   To get to (28, 23), Agent 0 would have to go around the tree.
    *   (25, 23) -> (25, 22) -> (26, 22) -> (27, 22) -> (28, 22) -> (28, 23).
    *   Or (25, 23) -> (25, 24) -> (26, 24) -> (27, 24) (Blocked by me).
    *   The most efficient spot for Agent 0 is (27, 22) facing South.

    *   Action: `Noop`
    *   Communication: ""I'm in position at (27, 24) facing North. Agent 1 is at (26, 23) facing East. Agent 0, you can't reach (28, 23) easily; please move to (27, 22) and face South instead. We'll sync Do then!""
    *   Scratchpad: Waiting for Agent 0. I am at (27, 24) facing North. Agent 1 is at (26, 23) facing East. Agent 0 is at (25, 23). Suggested Agent 0 move to (27, 22) and face South.","['Last action: Move North\nReward: +0.000\n\nStep: 5/10000 (9995 remaining, ends early if all agents die)\nPosition: (x=25, y=22)\nRole: warrior\nLocation: Overworld (surface)\nAchievements: 0/93 (39 unlock later)\n\nLevel info:\n- Light: bright (0.84)\n- Level: cleared — you can find the ladder down tile and use Descend to go deeper.\n\nYou see:\n- construction_site 4 steps south and 1 step east (x=26, y=26)\n- stone 4 steps east (x=29, y=22)\n- coal 3 steps north and 3 steps west (x=22, y=19)\n- lava 1 step north and 5 steps east (x=30, y=21)\n- tree 3 steps east (x=28, y=22)\n\nFacing: north.\n Do target: grass (x=25, y=21).\n\nNearby creatures:\n- cow 4 steps north and 3 steps east (x=28, y=18)\n\nCoordination:\n- tree 1 step south and 2 steps east (x=27, y=23): requires 3 agents to select Do simultaneously (fails alone). You are on the north-west side, 3 steps away.\n- construction_site 4 steps south and 1 step east (x=26, y=26): requires 2 agents to use a Build action simultaneously (fails alone). You are on the north-west side, 5 steps away.\n- construction_site 4 steps north and 2 steps east (x=27, y=18): works solo but grants a bonus when 2 agents use a Build action simultaneously. You are on the south-west side, 6 steps away.\n\nTeammates:\nAgent 1 (forager): 1 step south and 1 step east (x=26, y=23), health=9\nAgent 2 (miner): 2 steps south and 2 steps east (x=27, y=24), health=9', 'Last action: Noop\nReward: +0.000\n\nStep: 5/10000 (9995 remaining, ends early if all agents die)\nPosition: (x=26, y=23)\nRole: forager\nLocation: Overworld (surface)\nAchievements: 1/93 (39 unlock later)\n\nLevel info:\n- Light: bright (0.84)\n- Level: cleared — you can find the ladder down tile and use Descend to go deeper.\n\nYou see:\n- stone 3 steps east (x=29, y=23)\n- coal 4 steps north and 4 steps west (x=22, y=19)\n- lava 2 steps north and 4 steps east (x=30, y=21)\n- tree 1 step east (x=27, y=23)\n- construction_site 3 steps south (x=26, y=26)\n\nFacing: east.\n Do target: tree (x=27, y=23).\n\nCoordination:\n- tree 1 step east (x=27, y=23): requires 3 agents to select Do simultaneously (fails alone). You are on the west side, adjacent (facing target).\n- construction_site 3 steps south (x=26, y=26): requires 2 agents to use a Build action simultaneously (fails alone). You are on the north side, 3 steps away.\n- construction_site 2 steps south and 4 steps east (x=30, y=25): works solo but grants a bonus when 2 agents use a Build action simultaneously. You are on the north-west side, 6 steps away.\n\nTeammates:\nAgent 0 (warrior): 1 step north and 1 step west (x=25, y=22), health=9\nAgent 2 (miner): 1 step south and 1 step east (x=27, y=24), health=9', 'Last action: Noop\nReward: +0.000\n\nStep: 5/10000 (9995 remaining, ends early if all agents die)\nPosition: (x=27, y=24)\nRole: miner\nLocation: Overworld (surface)\nAchievements: 0/93 (39 unlock later)\n\nLevel info:\n- Light: bright (0.84)\n- Level: cleared — you can find the ladder down tile and use Descend to go deeper.\n\nYou see:\n- stone 2 steps east (x=29, y=24)\n- lava 3 steps north and 3 steps east (x=30, y=21)\n- tree 1 step north (x=27, y=23)\n- ladder down 1 step north and 5 steps east (x=32, y=23)\n- construction_site 2 steps south and 1 step west (x=26, y=26)\n\nFacing: north.\n Do target: tree (x=27, y=23).\n\nCoordination:\n- tree 1 step north (x=27, y=23): requires 3 agents to select Do simultaneously (fails alone). You are on the south side, adjacent (facing target).\n- construction_site 2 steps south and 1 step west (x=26, y=26): requires 2 agents to use a Build action simultaneously (fails alone). You are on the north-east side, 3 steps away.\n- construction_site 1 step south and 3 steps east (x=30, y=25): works solo but grants a bonus when 2 agents use a Build action simultaneously. You are on the north-west side, 4 steps away.\n- stone 4 steps south and 4 steps east (x=31, y=28): works solo but grants a bonus when 3 agents select Do simultaneously. You are on the north-west side, 8 steps away.\n\nTeammates:\nAgent 0 (warrior): 2 steps north and 2 steps west (x=25, y=22), health=9\nAgent 1 (forager): 1 step north and 1 step west (x=26, y=23), health=9']","[0.0, 0.0, 0.0]","[False, False, False]"
5,Move East,"*   Current Position: (25, 22)
    *   Target: Tree at (27, 23)
    *   Teammates:
        *   Agent 1: (26, 23) - Facing East (targets 27, 23)
        *   Agent 2: (27, 24) - Facing North (targets 27, 23)
    *   My Goal: Reach (27, 22) and face South (targets 27, 23).
    *   Path: (25, 22) -> (26, 22) -> (27, 22).
    *   Current Action: Move East to (26, 22).

    *   Agent 1 is at (26, 23) facing East.
    *   Agent 2 is at (27, 24) facing North.
    *   I need to get to (27, 22) and face South.
    *   Current position: (25, 22).
    *   Next move: Move East to (26, 22).

    *   Action: `<action>Move East</action>`
    *   Communication: `<communication>Moving to (27, 22). I'll be there in 2 moves, then I'll face South and we sync Do.</communication>`
    *   Scratchpad: `<scratchpad>Target: Tree (27, 23). Current: (25, 22). Path: (25, 22) -> (26, 22) -> (27, 22). Then face South. Agent 1 (26, 23) and Agent 2 (27, 24) are ready.</scratchpad>`",Noop,"*   My position: (26, 23), facing East. Target: Tree at (27, 23).
    *   Agent 2 position: (27, 24), facing North. Target: Tree at (27, 23).
    *   Agent 0 position: (25, 22). Target: Tree at (27, 23).
    *   Agent 0's plan: Move to (27, 22) and face South.
    *   Coordination requirement: 3 agents must `Do` simultaneously.
    *   Current status: I am in position and facing the target. Agent 2 is in position and facing the target. Agent 0 is moving into position.

    *   I need to wait for Agent 0 to reach (27, 22) and face South.
    *   Agent 0 said he'll be there in 3 moves.
    *   I should stay put and maintain my facing (East).

    *   Action: `Noop` (preserves facing).
    *   Communication: ""Agent 0, we are waiting for you at (27, 22) facing South. Agent 2 and I are ready. Let us know when you are in place!""
    *   Scratchpad: Pos (26, 23), facing East. Target (27, 23). Agent 2 at (27, 24) facing North. Agent 0 at (25, 22) moving to (27, 22) facing South. Sync Do when Agent 0 is ready.",Noop,"*   Current Position: (27, 24)
    *   Facing: North
    *   Target: Tree at (27, 23)
    *   Role: Miner
    *   Teammates:
        *   Agent 0 (Warrior): (25, 22)
        *   Agent 1 (Forager): (26, 23)

    *   Tree is at (27, 23).
    *   Agent 1 is at (26, 23) facing East (facing the tree).
    *   I am at (27, 24) facing North (facing the tree).
    *   Agent 0 is at (25, 22). He is moving to (27, 22).
    *   Agent 0's path: (25, 22) -> (26, 22) -> (27, 22).
    *   Agent 0 says he'll be there in 3 moves (maybe counting the turn he's on?).
    *   Agent 1's communication is slightly contradictory (""face North"" at (27, 22) is wrong; he should face South to hit (27, 23)).

    *   I am in the correct position (27, 24) and facing the correct direction (North).
    *   Agent 1 is in the correct position (26, 23) and facing the correct direction (East).
    *   Agent 0 is not yet in position.
    *   I must wait for Agent 0 to reach (27, 22) and face South.

    *   Action: `Noop`
    *   Communication: ""I'm ready at (27, 24) facing North. Agent 1 is ready at (26, 23) facing East. Agent 0, once you reach (27, 22), please face South and let us know. Then we all Do!""
    *   Scratchpad: Waiting for Agent 0 to reach (27, 22) and face South. I am at (27, 24) facing North. Agent 1 is at (26, 23) facing East.

    *   Wait, Agent 0 is at (25, 22).
    *   Move 1: (26, 22)
    *   Move 2: (27, 22)
    *   Move 3: Face South (by moving South or just waiting if he's already facing it? No, he needs to move to face it).
    *   Actually, if he moves East to (26, 22) and then East to (27, 22), he is facing East. He would then need to move South (blocked by tree) or just use a move to change facing.
    *   Wait, the rules say: ""Any move attempt changes your facing to that direction, even if the move is blocked"".
    *   So Agent 0 can move East to (26, 22), East to (27, 22), then Move South (blocked by tree) to face South.

    *   Action: `Noop`
    *   Communication: ""Ready at (27, 24) facing North. Agent 1 ready at (26, 23) facing East. Agent 0, move to (27, 22) and face South. We sync Do once you're set!""
    *   Scratchpad: Waiting for Agent 0. I am at (27, 24) facing North. Agent 1 is at (26, 23) facing East. Agent 0 is at (25, 22).","['Last action: Move East\nReward: +0.000\n\nStep: 6/10000 (9994 remaining, ends early if all agents die)\nPosition: (x=26, y=22)\nRole: warrior\nLocation: Overworld (surface)\nAchievements: 0/93 (39 unlock later)\n\nLevel info:\n- Light: bright (0.85)\n- Level: cleared — you can find the ladder down tile and use Descend to go deeper.\n\nYou see:\n- construction_site 4 steps south (x=26, y=26)\n- stone 3 steps east (x=29, y=22)\n- coal 3 steps north and 4 steps west (x=22, y=19)\n- lava 1 step north and 4 steps east (x=30, y=21)\n- tree 2 steps east (x=28, y=22)\n\nFacing: east.\n Do target: grass (x=27, y=22).\n\nNearby creatures:\n- cow 4 steps north and 2 steps east (x=28, y=18)\n\nCoordination:\n- tree 1 step south and 1 step east (x=27, y=23): requires 3 agents to select Do simultaneously (fails alone). You are on the north-west side, 2 steps away.\n- construction_site 4 steps south (x=26, y=26): requires 2 agents to use a Build action simultaneously (fails alone). You are on the north side, 4 steps away.\n- construction_site 4 steps north and 1 step east (x=27, y=18): works solo but grants a bonus when 2 agents use a Build action simultaneously. You are on the south-west side, 5 steps away.\n\nTeammates:\nAgent 1 (forager): 1 step south (x=26, y=23), health=9\nAgent 2 (miner): 2 steps south and 1 step east (x=27, y=24), health=9', 'Last action: Noop\nReward: +0.000\n\nStep: 6/10000 (9994 remaining, ends early if all agents die)\nPosition: (x=26, y=23)\nRole: forager\nLocation: Overworld (surface)\nAchievements: 1/93 (39 unlock later)\n\nLevel info:\n- Light: bright (0.85)\n- Level: cleared — you can find the ladder down tile and use Descend to go deeper.\n\nYou see:\n- stone 3 steps east (x=29, y=23)\n- coal 4 steps north and 4 steps west (x=22, y=19)\n- lava 2 steps north and 4 steps east (x=30, y=21)\n- tree 1 step east (x=27, y=23)\n- construction_site 3 steps south (x=26, y=26)\n\nFacing: east.\n Do target: tree (x=27, y=23).\n\nCoordination:\n- tree 1 step east (x=27, y=23): requires 3 agents to select Do simultaneously (fails alone). You are on the west side, adjacent (facing target).\n- construction_site 3 steps south (x=26, y=26): requires 2 agents to use a Build action simultaneously (fails alone). You are on the north side, 3 steps away.\n- construction_site 2 steps south and 4 steps east (x=30, y=25): works solo but grants a bonus when 2 agents use a Build action simultaneously. You are on the north-west side, 6 steps away.\n\nTeammates:\nAgent 0 (warrior): 1 step north (x=26, y=22), health=9\nAgent 2 (miner): 1 step south and 1 step east (x=27, y=24), health=9', 'Last action: Noop\nReward: +0.000\n\nStep: 6/10000 (9994 remaining, ends early if all agents die)\nPosition: (x=27, y=24)\nRole: miner\nLocation: Overworld (surface)\nAchievements: 0/93 (39 unlock later)\n\nLevel info:\n- Light: bright (0.85)\n- Level: cleared — you can find the ladder down tile and use Descend to go deeper.\n\nYou see:\n- stone 2 steps east (x=29, y=24)\n- lava 3 steps north and 3 steps east (x=30, y=21)\n- tree 1 step north (x=27, y=23)\n- ladder down 1 step north and 5 steps east (x=32, y=23)\n- construction_site 2 steps south and 1 step west (x=26, y=26)\n\nFacing: north.\n Do target: tree (x=27, y=23).\n\nCoordination:\n- tree 1 step north (x=27, y=23): requires 3 agents to select Do simultaneously (fails alone). You are on the south side, adjacent (facing target).\n- construction_site 2 steps south and 1 step west (x=26, y=26): requires 2 agents to use a Build action simultaneously (fails alone). You are on the north-east side, 3 steps away.\n- construction_site 1 step south and 3 steps east (x=30, y=25): works solo but grants a bonus when 2 agents use a Build action simultaneously. You are on the north-west side, 4 steps away.\n- stone 4 steps south and 4 steps east (x=31, y=28): works solo but grants a bonus when 3 agents select Do simultaneously. You are on the north-west side, 8 steps away.\n\nTeammates:\nAgent 0 (warrior): 2 steps north and 1 step west (x=26, y=22), health=9\nAgent 1 (forager): 1 step north and 1 step west (x=26, y=23), health=9']","[0.0, 0.0, 0.0]","[False, False, False]"
6,Move East,"*   Current Position: (26, 22)
    *   Target: Tree at (27, 23)
    *   Teammates:
        *   Agent 1: (26, 23) - Facing East (targets 27, 23)
        *   Agent 2: (27, 24) - Facing North (targets 27, 23)
    *   My Goal: Reach (27, 22) and face South (targets 27, 23).
    *   Current Action: Move East to (27, 22).

    *   I am at (26, 22).
    *   The target tile (27, 22) is 1 step East.
    *   Once I move East, I will be at (27, 22).
    *   Then I must face South to target (27, 23).

    *   Action: `<action>Move East</action>`
    *   Communication: `<communication>Moving to (27, 22). I'll be there this turn, then I'll face South and we sync Do next turn.</communication>`
    *   Scratchpad: `<scratchpad>Target: Tree (27, 23). Current: (26, 22). Next: (27, 22). Then face South. Agent 1 (26, 23) and Agent 2 (27, 24) are ready.</scratchpad>`",Noop,"*   My position: (26, 23), facing East. Target: Tree at (27, 23).
    *   Agent 2 position: (27, 24), facing North. Target: Tree at (27, 23).
    *   Agent 0 position: (26, 22). Target: Tree at (27, 23).
    *   Agent 0's plan: Move to (27, 22), face South, then sync `Do`.
    *   Coordination requirement: 3 agents must `Do` simultaneously.
    *   Current status: I am in position and facing the target. Agent 2 is in position and facing the target. Agent 0 is one step away from (27, 22).

    *   I need to wait for Agent 0 to reach (27, 22) and face South.
    *   Agent 0 said he'll be there in 2 moves (now 1 move to reach the tile, then 1 move to face South, or just move and face). Wait, if he moves East to (27, 22), he will be facing East. He then needs to face South.
    *   I should stay put and maintain my facing (East).

    *   Action: `Noop` (preserves facing).
    *   Communication: ""Agent 0, we are waiting for you at (27, 22) facing South. Agent 2 and I are ready. Let us know when you are in place!""
    *   Scratchpad: Pos (26, 23), facing East. Target (27, 23). Agent 2 at (27, 24) facing North. Agent 0 at (26, 22) moving to (27, 22) facing South. Sync Do when Agent 0 is ready.",Noop,"*   Current Position: (27, 24)
    *   Facing: North
    *   Target: Tree at (27, 23)
    *   Role: Miner
    *   Teammates:
        *   Agent 0 (Warrior): (26, 22)
        *   Agent 1 (Forager): (26, 23)

    *   Tree is at (27, 23).
    *   Agent 1 is at (26, 23) facing East (facing the tree).
    *   I am at (27, 24) facing North (facing the tree).
    *   Agent 0 is at (26, 22). He needs to move to (27, 22) and face South.
    *   Agent 0's current position is (26, 22). He is 1 step away from (27, 22).

    *   I am in position and facing the target.
    *   Agent 1 is in position and facing the target.
    *   Agent 0 is almost in position.
    *   I must wait for Agent 0 to reach (27, 22) and face South.

    *   Action: `Noop`
    *   Communication: ""Still ready at (27, 24) facing North. Agent 1 is ready at (26, 23) facing East. Agent 0, just one more step to (27, 22), then face South and we sync Do!""
    *   Scratchpad: Waiting for Agent 0. I am at (27, 24) facing North. Agent 1 is at (26, 23) facing East. Agent 0 is at (26, 22).","['Last action: Move East\nReward: +0.000\n\nStep: 7/10000 (9993 remaining, ends early if all agents die)\nPosition: (x=27, y=22)\nRole: warrior\nLocation: Overworld (surface)\nAchievements: 0/93 (39 unlock later)\n\nLevel info:\n- Light: bright (0.85)\n- Level: cleared — you can find the ladder down tile and use Descend to go deeper.\n\nYou see:\n- construction_site 4 steps north (x=27, y=18)\n- coal 3 steps north and 5 steps west (x=22, y=19)\n- stone 2 steps east (x=29, y=22)\n- lava 1 step north and 3 steps east (x=30, y=21)\n- tree 1 step east (x=28, y=22)\n- ladder down 1 step south and 5 steps east (x=32, y=23)\n\nFacing: east.\n Do target: tree (x=28, y=22).\n\nNearby creatures:\n- cow 4 steps north and 1 step east (x=28, y=18)\n\nCoordination:\n- tree 1 step south (x=27, y=23): requires 3 agents to select Do simultaneously (fails alone). You are on the north side, adjacent (facing east).\n- construction_site 4 steps north (x=27, y=18): works solo but grants a bonus when 2 agents use a Build action simultaneously. You are on the south side, 4 steps away.\n- construction_site 4 steps south and 1 step west (x=26, y=26): requires 2 agents to use a Build action simultaneously (fails alone). You are on the north-east side, 5 steps away.\n\nTeammates:\nAgent 1 (forager): 1 step south and 1 step west (x=26, y=23), health=9\nAgent 2 (miner): 2 steps south (x=27, y=24), health=9', 'Last action: Noop\nReward: +0.000\n\nStep: 7/10000 (9993 remaining, ends early if all agents die)\nPosition: (x=26, y=23)\nRole: forager\nLocation: Overworld (surface)\nAchievements: 1/93 (39 unlock later)\n\nLevel info:\n- Light: bright (0.85)\n- Level: cleared — you can find the ladder down tile and use Descend to go deeper.\n\nYou see:\n- stone 3 steps east (x=29, y=23)\n- coal 4 steps north and 4 steps west (x=22, y=19)\n- lava 2 steps north and 4 steps east (x=30, y=21)\n- tree 1 step east (x=27, y=23)\n- construction_site 3 steps south (x=26, y=26)\n\nFacing: east.\n Do target: tree (x=27, y=23).\n\nCoordination:\n- tree 1 step east (x=27, y=23): requires 3 agents to select Do simultaneously (fails alone). You are on the west side, adjacent (facing target).\n- construction_site 3 steps south (x=26, y=26): requires 2 agents to use a Build action simultaneously (fails alone). You are on the north side, 3 steps away.\n- construction_site 2 steps south and 4 steps east (x=30, y=25): works solo but grants a bonus when 2 agents use a Build action simultaneously. You are on the north-west side, 6 steps away.\n\nTeammates:\nAgent 0 (warrior): 1 step north and 1 step east (x=27, y=22), health=9\nAgent 2 (miner): 1 step south and 1 step east (x=27, y=24), health=9', 'Last action: Noop\nReward: +0.000\n\nStep: 7/10000 (9993 remaining, ends early if all agents die)\nPosition: (x=27, y=24)\nRole: miner\nLocation: Overworld (surface)\nAchievements: 0/93 (39 unlock later)\n\nLevel info:\n- Light: bright (0.85)\n- Level: cleared — you can find the ladder down tile and use Descend to go deeper.\n\nYou see:\n- stone 2 steps east (x=29, y=24)\n- lava 3 steps north and 3 steps east (x=30, y=21)\n- tree 1 step north (x=27, y=23)\n- ladder down 1 step north and 5 steps east (x=32, y=23)\n- construction_site 2 steps south and 1 step west (x=26, y=26)\n\nFacing: north.\n Do target: tree (x=27, y=23).\n\nCoordination:\n- tree 1 step north (x=27, y=23): requires 3 agents to select Do simultaneously (fails alone). You are on the south side, adjacent (facing target).\n- construction_site 2 steps south and 1 step west (x=26, y=26): requires 2 agents to use a Build action simultaneously (fails alone). You are on the north-east side, 3 steps away.\n- construction_site 1 step south and 3 steps east (x=30, y=25): works solo but grants a bonus when 2 agents use a Build action simultaneously. You are on the north-west side, 4 steps away.\n- stone 4 steps south and 4 steps east (x=31, y=28): works solo but grants a bonus when 3 agents select Do simultaneously. You are on the north-west side, 8 steps away.\n\nTeammates:\nAgent 0 (warrior): 2 steps north (x=27, y=22), health=9\nAgent 1 (forager): 1 step north and 1 step west (x=26, y=23), health=9']","[0.0, 0.0, 0.0]","[False, False, False]"
7,Move South,"*   Current Position: (27, 22)
    *   Target: Tree at (27, 23)
    *   Current Facing: East (targets tree at 28, 22)
    *   Teammates:
        *   Agent 1: (26, 23) - Facing East (targets 27, 23)
        *   Agent 2: (27, 24) - Facing North (targets 27, 23)
    *   Goal: Face South to target (27, 23) and then sync `Do`.

    *   I am at (27, 22).
    *   To face South, I need to move South. However, the target tile (27, 23) contains a tree, which is solid.
    *   According to the rules: ""A move is blocked if the target tile is solid... If repeated move attempts do not change your position, that direction is blocked. You can also use a blocked move to turn in place, for example to face an adjacent tree.""
    *   Therefore, I should use `Move South` to change my facing to South without actually moving.

    *   Action: `Move South`
    *   Communication: ""I'm at (27, 22). Moving South to face the tree. Let's sync Do next turn!""
    *   Scratchpad: ""At (27, 22). Facing East. Need to face South to target tree at (27, 23). Move South will turn me in place. Agent 1 and 2 are ready.""",Noop,"*   My position: (26, 23), facing East. Target: Tree at (27, 23).
    *   Agent 2 position: (27, 24), facing North. Target: Tree at (27, 23).
    *   Agent 0 position: (27, 22). He just arrived. He needs to face South.
    *   Coordination: 3 agents must `Do` simultaneously.
    *   Agent 0's message: ""I'll be there this turn, then I'll face South and we sync Do next turn.""
    *   Agent 2's message: ""Agent 0, just one more step to (27, 22), then face South and we sync Do!""

    *   Agent 0 is now at (27, 22). He likely moved East to get there, so he is currently facing East.
    *   He needs to face South. He can do this by attempting to move South (even if blocked) or by moving to a tile and then turning.
    *   Wait, the rules say: ""Any move attempt changes your facing to that direction, even if the move is blocked"".
    *   So Agent 0 needs to `Move South` (or any move that results in facing South) to be ready.
    *   Since Agent 0 said ""I'll face South and we sync Do next turn"", he will likely use this turn to face South.
    *   Therefore, I should not `Do` this turn. I should wait for him to be in position and facing South.

    *   Action: `Noop` (to maintain facing East).
    *   Communication: ""Agent 0, you are at (27, 22). Please face South now. Agent 2 and I are ready and waiting. We will sync Do on the next turn once you confirm you are facing South.""
    *   Scratchpad: Pos (26, 23), facing East. Target (27, 23). Agent 2 at (27, 24) facing North. Agent 0 at (27, 22), needs to face South. Sync Do next turn.",Noop,"*   Position: (27, 24)
    *   Facing: North
    *   Target: Tree at (27, 23)
    *   Agent 1: (26, 23) facing East (facing the tree)
    *   Agent 0: (27, 22) (just arrived)
    *   Goal: Sync `Do` on the tree at (27, 23).

    *   Agent 0 is now at (27, 22).
    *   Agent 0 said: ""I'll be there this turn, then I'll face South and we sync Do next turn.""
    *   Agent 0 needs to face South. He just moved North (or East) to get to (27, 22).
    *   Wait, Agent 0's last move was to (27, 22). If he moved East from (26, 22), he is facing East.
    *   He needs to face South to target (27, 23).
    *   He can face South by attempting to move South (which would be blocked by the tree) or by moving South and then back. But the rules say ""Any move attempt changes your facing to that direction, even if the move is blocked"".
    *   So Agent 0 needs to `Move South` (blocked by tree) to face South.

    *   I am at (27, 24) facing North. (Ready)
    *   Agent 1 is at (26, 23) facing East. (Ready)
    *   Agent 0 is at (27, 22). He needs to face South.
    *   Agent 0's plan: ""I'll face South and we sync Do next turn.""
    *   This means this turn Agent 0 will face South, and *next* turn we all `Do`.

    *   Action: `Noop` (Wait for Agent 0 to face South).
    *   Communication: ""Agent 0 is at (27, 22). Agent 0, please face South now. Agent 1 and I are ready. We will sync Do on the next turn!""
    *   Scratchpad: I am at (27, 24) facing North. Agent 1 is at (26, 23) facing East. Agent 0 is at (27, 22) and needs to face South. Sync Do next turn.","['Last action: Move South\nReward: +0.000\n\nStep: 8/10000 (9992 remaining, ends early if all agents die)\nPosition: (x=27, y=22)\nRole: warrior\nLocation: Overworld (surface)\nAchievements: 0/93 (39 unlock later)\n\nLevel info:\n- Light: bright (0.86)\n- Level: cleared — you can find the ladder down tile and use Descend to go deeper.\n\nYou see:\n- construction_site 4 steps north (x=27, y=18)\n- coal 3 steps north and 5 steps west (x=22, y=19)\n- stone 2 steps east (x=29, y=22)\n- lava 1 step north and 3 steps east (x=30, y=21)\n- tree 1 step east (x=28, y=22)\n- ladder down 1 step south and 5 steps east (x=32, y=23)\n\nFacing: south.\n Do target: tree (x=27, y=23).\n\nNearby creatures:\n- cow 4 steps north and 1 step east (x=28, y=18)\n\nCoordination:\n- tree 1 step south (x=27, y=23): requires 3 agents to select Do simultaneously (fails alone). You are on the north side, adjacent (facing target).\n- construction_site 4 steps north (x=27, y=18): works solo but grants a bonus when 2 agents use a Build action simultaneously. You are on the south side, 4 steps away.\n- construction_site 4 steps south and 1 step west (x=26, y=26): requires 2 agents to use a Build action simultaneously (fails alone). You are on the north-east side, 5 steps away.\n\nTeammates:\nAgent 1 (forager): 1 step south and 1 step west (x=26, y=23), health=9\nAgent 2 (miner): 2 steps south (x=27, y=24), health=9', 'Last action: Noop\nReward: +0.000\n\nStep: 8/10000 (9992 remaining, ends early if all agents die)\nPosition: (x=26, y=23)\nRole: forager\nLocation: Overworld (surface)\nAchievements: 1/93 (39 unlock later)\n\nLevel info:\n- Light: bright (0.86)\n- Level: cleared — you can find the ladder down tile and use Descend to go deeper.\n\nYou see:\n- stone 3 steps east (x=29, y=23)\n- coal 4 steps north and 4 steps west (x=22, y=19)\n- lava 2 steps north and 4 steps east (x=30, y=21)\n- tree 1 step east (x=27, y=23)\n- construction_site 3 steps south (x=26, y=26)\n\nFacing: east.\n Do target: tree (x=27, y=23).\n\nCoordination:\n- tree 1 step east (x=27, y=23): requires 3 agents to select Do simultaneously (fails alone). You are on the west side, adjacent (facing target).\n- construction_site 3 steps south (x=26, y=26): requires 2 agents to use a Build action simultaneously (fails alone). You are on the north side, 3 steps away.\n- construction_site 2 steps south and 4 steps east (x=30, y=25): works solo but grants a bonus when 2 agents use a Build action simultaneously. You are on the north-west side, 6 steps away.\n\nTeammates:\nAgent 0 (warrior): 1 step north and 1 step east (x=27, y=22), health=9\nAgent 2 (miner): 1 step south and 1 step east (x=27, y=24), health=9', 'Last action: Noop\nReward: +0.000\n\nStep: 8/10000 (9992 remaining, ends early if all agents die)\nPosition: (x=27, y=24)\nRole: miner\nLocation: Overworld (surface)\nAchievements: 0/93 (39 unlock later)\n\nLevel info:\n- Light: bright (0.86)\n- Level: cleared — you can find the ladder down tile and use Descend to go deeper.\n\nYou see:\n- stone 2 steps east (x=29, y=24)\n- lava 3 steps north and 3 steps east (x=30, y=21)\n- tree 1 step north (x=27, y=23)\n- ladder down 1 step north and 5 steps east (x=32, y=23)\n- construction_site 2 steps south and 1 step west (x=26, y=26)\n\nFacing: north.\n Do target: tree (x=27, y=23).\n\nCoordination:\n- tree 1 step north (x=27, y=23): requires 3 agents to select Do simultaneously (fails alone). You are on the south side, adjacent (facing target).\n- construction_site 2 steps south and 1 step west (x=26, y=26): requires 2 agents to use a Build action simultaneously (fails alone). You are on the north-east side, 3 steps away.\n- construction_site 1 step south and 3 steps east (x=30, y=25): works solo but grants a bonus when 2 agents use a Build action simultaneously. You are on the north-west side, 4 steps away.\n- stone 4 steps south and 4 steps east (x=31, y=28): works solo but grants a bonus when 3 agents select Do simultaneously. You are on the north-west side, 8 steps away.\n\nTeammates:\nAgent 0 (warrior): 2 steps north (x=27, y=22), health=9\nAgent 1 (forager): 1 step north and 1 step west (x=26, y=23), health=9']","[0.0, 0.0, 0.0]","[False, False, False]"
