contrast,lower_population,higher_population,metric,common_seed_count,common_seeds,mean_difference,ci_low,ci_high,analysis_status,analysis_watermark
n2_minus_n1,1,2,paper_base_percent,3,"13100,13101,13102",1.9969277704755466,-2.304147370159626,6.451612710952759,complete,
n2_minus_n1,1,2,paper_coord_percent,0,,,,,complete,
n2_minus_n1,1,2,paper_total_percent,3,"13100,13101,13102",1.3191652794679005,-2.1435923874378204,4.4869594275951385,complete,
n2_minus_n1,1,2,episode_return,3,"13100,13101,13102",7.149999999751647,-1.5,15.449999999254942,complete,
n2_minus_n1,1,2,team_unique_base_achievements,3,"13100,13101,13102",1.6666666666666667,-5.0,6.0,complete,
n2_minus_n1,1,2,team_unique_coord_achievements,0,,,,,complete,
n2_minus_n1,1,2,team_unique_total_achievements,3,"13100,13101,13102",3.0,-4.0,8.0,complete,
n2_minus_n1,1,2,summed_agent_base_achievements,3,"13100,13101,13102",6.0,-2.0,11.0,complete,
n2_minus_n1,1,2,summed_agent_coord_achievements,0,,,,,complete,
n2_minus_n1,1,2,summed_agent_total_achievements,3,"13100,13101,13102",8.666666666666666,0.0,15.0,complete,
n2_minus_n1,1,2,coordination_attempts,0,,,,,complete,
n2_minus_n1,1,2,coordination_resolved_attempts,0,,,,,complete,
n2_minus_n1,1,2,coordination_successes,0,,,,,complete,
n2_minus_n1,1,2,give_attempts,0,,,,,complete,
n2_minus_n1,1,2,successful_transfers,0,,,,,complete,
n2_minus_n1,1,2,requests,0,,,,,complete,
n2_minus_n1,1,2,revives,0,,,,,complete,
n2_minus_n1,1,2,deaths,3,"13100,13101,13102",0.0,0.0,0.0,complete,
n2_minus_n1,1,2,action_parse_rate,3,"13100,13101,13102",-0.0035768863419292827,-0.005730659025787954,-0.0024999999999999467,complete,
n2_minus_n1,1,2,action_parse_success,3,"13100,13101,13102",181.33333333333334,147.0,199.0,complete,
n2_minus_n1,1,2,action_parse_fail,3,"13100,13101,13102",1.6666666666666667,1.0,2.0,complete,
n2_minus_n1,1,2,action_parse_skipped_inactive,3,"13100,13101,13102",17.0,0.0,51.0,complete,
n2_minus_n1,1,2,environment_steps_completed,3,"13100,13101,13102",0.0,0.0,0.0,complete,
n2_minus_n1,1,2,agent_turns_submitted,3,"13100,13101,13102",200.0,200.0,200.0,complete,
n2_minus_n1,1,2,alive_agent_turns,3,"13100,13101,13102",200.0,200.0,200.0,complete,
n2_minus_n1,1,2,actionable_agent_turns,3,"13100,13101,13102",183.0,149.0,200.0,complete,
n2_minus_n1,1,2,alive_turn_fraction,3,"13100,13101,13102",0.0,0.0,0.0,complete,
n2_minus_n1,1,2,actionable_turn_fraction,3,"13100,13101,13102",-0.04249999999999998,-0.12749999999999995,0.0,complete,
n2_minus_n1,1,2,requested_environment_steps,3,"13100,13101,13102",0.0,0.0,0.0,complete,
n2_minus_n1,1,2,step_completion_fraction,3,"13100,13101,13102",0.0,0.0,0.0,complete,
n2_minus_n1,1,2,intentional_actionable_noops,3,"13100,13101,13102",16.666666666666668,8.0,28.0,complete,
n2_minus_n1,1,2,parse_fallback_noops,3,"13100,13101,13102",1.6666666666666667,1.0,2.0,complete,
n2_minus_n1,1,2,active_action_validation_fallback_noops,3,"13100,13101,13102",0.0,0.0,0.0,complete,
n2_minus_n1,1,2,active_residual_effective_noops,3,"13100,13101,13102",0.0,0.0,0.0,complete,
n2_minus_n1,1,2,inactive_billed_turns,3,"13100,13101,13102",17.0,0.0,51.0,complete,
n2_minus_n1,1,2,inactive_effective_noops,3,"13100,13101,13102",17.0,0.0,51.0,complete,
n2_minus_n1,1,2,canonical_submitted_noops,3,"13100,13101,13102",35.333333333333336,10.0,81.0,complete,
n2_minus_n1,1,2,effective_environment_noops,3,"13100,13101,13102",35.333333333333336,10.0,81.0,complete,
n2_minus_n1,1,2,executed_noops,3,"13100,13101,13102",35.333333333333336,10.0,81.0,complete,
n2_minus_n1,1,2,input_tokens,3,"13100,13101,13102",1605700.6666666667,1369364.0,1897961.0,complete,
n2_minus_n1,1,2,cached_input_tokens,3,"13100,13101,13102",709632.0,707840.0,713216.0,complete,
n2_minus_n1,1,2,uncached_input_tokens,3,"13100,13101,13102",896068.6666666666,661524.0,1190121.0,complete,
n2_minus_n1,1,2,input_cache_fraction,3,"13100,13101,13102",0.30156127996759524,0.2619279069190871,0.32798507237922164,complete,
n2_minus_n1,1,2,output_tokens,3,"13100,13101,13102",124391.0,105735.0,152917.0,complete,
n2_minus_n1,1,2,reasoning_tokens,3,"13100,13101,13102",98158.66666666667,82524.0,123619.0,complete,
n2_minus_n1,1,2,total_tokens,3,"13100,13101,13102",1730091.6666666667,1475099.0,2012482.0,complete,
n2_minus_n1,1,2,model_call_count,3,"13100,13101,13102",200.0,200.0,200.0,complete,
n2_minus_n1,1,2,provider_request_count,3,"13100,13101,13102",200.0,200.0,200.0,complete,
n2_minus_n1,1,2,recovered_transport_retry_count,3,"13100,13101,13102",0.0,0.0,0.0,complete,
n2_minus_n1,1,2,transport_error_count,3,"13100,13101,13102",0.0,0.0,0.0,complete,
n2_minus_n1,1,2,summed_model_latency_seconds,3,"13100,13101,13102",1074.5134698598606,949.7229649760993,1236.9313956291298,complete,
n2_minus_n1,1,2,input_tokens_per_submitted_turn,3,"13100,13101,13102",2089.84,1451.4525000000003,2733.7475,complete,
n2_minus_n1,1,2,input_tokens_per_actionable_turn,3,"13100,13101,13102",2352.6515974212034,2084.3199999999997,2733.7475,complete,
n2_minus_n1,1,2,total_tokens_per_submitted_turn,3,"13100,13101,13102",2168.4750000000004,1464.755,2746.8375,complete,
n2_minus_n1,1,2,total_tokens_per_actionable_turn,3,"13100,13101,13102",2456.390702005731,2293.8325,2746.8375,complete,
n2_minus_n1,1,2,delivered_bytes,3,"13100,13101,13102",19671.0,14732.0,23805.0,complete,
n2_minus_n1,1,2,delivered_bytes_per_submitted_turn,3,"13100,13101,13102",49.1775,36.83,59.51250000000001,complete,
n2_minus_n1,1,2,delivered_bytes_per_actionable_turn,3,"13100,13101,13102",50.97151146131805,42.212034383954155,59.51250000000001,complete,
n2_minus_n1,1,2,episode_wall_seconds,3,"13100,13101,13102",471.18133794832585,377.79727988597006,618.0296766789979,complete,
n2_minus_n1,1,2,mean_tick_wall_seconds,3,"13100,13101,13102",2.353148683523662,1.8887387434963605,3.089884341834986,complete,
n3_minus_n1,1,3,paper_base_percent,3,"13100,13101,13102",9.216589977343878,5.069124326109886,14.28571492433548,complete,
n3_minus_n1,1,3,paper_coord_percent,0,,,,,complete,
n3_minus_n1,1,3,paper_total_percent,3,"13100,13101,13102",6.372357780734698,4.0077462792396545,9.540152549743652,complete,
n3_minus_n1,1,3,episode_return,3,"13100,13101,13102",14.544444439311823,9.099999964237213,22.933333354691666,complete,
n3_minus_n1,1,3,team_unique_base_achievements,3,"13100,13101,13102",10.0,3.0,15.0,complete,
n3_minus_n1,1,3,team_unique_coord_achievements,0,,,,,complete,
n3_minus_n1,1,3,team_unique_total_achievements,3,"13100,13101,13102",12.0,7.0,17.0,complete,
n3_minus_n1,1,3,summed_agent_base_achievements,3,"13100,13101,13102",25.666666666666668,17.0,34.0,complete,
n3_minus_n1,1,3,summed_agent_coord_achievements,0,,,,,complete,
n3_minus_n1,1,3,summed_agent_total_achievements,3,"13100,13101,13102",29.0,23.0,38.0,complete,
n3_minus_n1,1,3,coordination_attempts,0,,,,,complete,
n3_minus_n1,1,3,coordination_resolved_attempts,0,,,,,complete,
n3_minus_n1,1,3,coordination_successes,0,,,,,complete,
n3_minus_n1,1,3,give_attempts,0,,,,,complete,
n3_minus_n1,1,3,successful_transfers,0,,,,,complete,
n3_minus_n1,1,3,requests,0,,,,,complete,
n3_minus_n1,1,3,revives,0,,,,,complete,
n3_minus_n1,1,3,deaths,3,"13100,13101,13102",1.3333333333333333,0.0,3.0,complete,
n3_minus_n1,1,3,action_parse_rate,3,"13100,13101,13102",-0.008234955453094902,-0.010849909584086825,-0.005639097744360888,complete,
n3_minus_n1,1,3,action_parse_success,3,"13100,13101,13102",308.3333333333333,249.0,347.0,complete,
n3_minus_n1,1,3,action_parse_fail,3,"13100,13101,13102",4.666666666666667,3.0,6.0,complete,
n3_minus_n1,1,3,action_parse_skipped_inactive,3,"13100,13101,13102",78.0,41.0,146.0,complete,
n3_minus_n1,1,3,environment_steps_completed,3,"13100,13101,13102",-3.0,-9.0,0.0,complete,
n3_minus_n1,1,3,agent_turns_submitted,3,"13100,13101,13102",391.0,373.0,400.0,complete,
n3_minus_n1,1,3,alive_agent_turns,3,"13100,13101,13102",379.6666666666667,342.0,400.0,complete,
n3_minus_n1,1,3,actionable_agent_turns,3,"13100,13101,13102",313.0,254.0,353.0,complete,
n3_minus_n1,1,3,alive_turn_fraction,3,"13100,13101,13102",-0.019700407213496234,-0.054101221640488695,0.0,complete,
n3_minus_n1,1,3,actionable_turn_fraction,3,"13100,13101,13102",-0.13107329842931936,-0.2433333333333333,-0.07155322862129143,complete,
n3_minus_n1,1,3,requested_environment_steps,3,"13100,13101,13102",0.0,0.0,0.0,complete,
n3_minus_n1,1,3,step_completion_fraction,3,"13100,13101,13102",-0.015000000000000013,-0.04500000000000004,0.0,complete,
n3_minus_n1,1,3,intentional_actionable_noops,3,"13100,13101,13102",7.0,3.0,10.0,complete,
n3_minus_n1,1,3,parse_fallback_noops,3,"13100,13101,13102",4.666666666666667,3.0,6.0,complete,
n3_minus_n1,1,3,active_action_validation_fallback_noops,3,"13100,13101,13102",0.0,0.0,0.0,complete,
n3_minus_n1,1,3,active_residual_effective_noops,3,"13100,13101,13102",0.0,0.0,0.0,complete,
n3_minus_n1,1,3,inactive_billed_turns,3,"13100,13101,13102",78.0,41.0,146.0,complete,
n3_minus_n1,1,3,inactive_effective_noops,3,"13100,13101,13102",78.0,41.0,146.0,complete,
n3_minus_n1,1,3,canonical_submitted_noops,3,"13100,13101,13102",89.66666666666667,54.0,154.0,complete,
n3_minus_n1,1,3,effective_environment_noops,3,"13100,13101,13102",89.66666666666667,54.0,154.0,complete,
n3_minus_n1,1,3,executed_noops,3,"13100,13101,13102",89.66666666666667,54.0,154.0,complete,
n3_minus_n1,1,3,input_tokens,3,"13100,13101,13102",2766553.3333333335,2528462.0,2892709.0,complete,
n3_minus_n1,1,3,cached_input_tokens,3,"13100,13101,13102",1036373.3333333334,1010688.0,1050112.0,complete,
n3_minus_n1,1,3,uncached_input_tokens,3,"13100,13101,13102",1730180.0,1517774.0,1842597.0,complete,
n3_minus_n1,1,3,input_cache_fraction,3,"13100,13101,13102",0.2937964067981846,0.2846413107315302,0.31150703449610745,complete,
n3_minus_n1,1,3,output_tokens,3,"13100,13101,13102",247738.0,238146.0,266901.0,complete,
n3_minus_n1,1,3,reasoning_tokens,3,"13100,13101,13102",199007.0,187606.0,216723.0,complete,
n3_minus_n1,1,3,total_tokens,3,"13100,13101,13102",3014291.3333333335,2795363.0,3130855.0,complete,
n3_minus_n1,1,3,model_call_count,3,"13100,13101,13102",391.0,373.0,400.0,complete,
n3_minus_n1,1,3,provider_request_count,3,"13100,13101,13102",391.0,373.0,400.0,complete,
n3_minus_n1,1,3,recovered_transport_retry_count,3,"13100,13101,13102",0.0,0.0,0.0,complete,
n3_minus_n1,1,3,transport_error_count,3,"13100,13101,13102",0.0,0.0,0.0,complete,
n3_minus_n1,1,3,summed_model_latency_seconds,3,"13100,13101,13102",2029.9037957030232,1975.5339096335229,2065.1804097524146,complete,
n3_minus_n1,1,3,input_tokens_per_submitted_turn,3,"13100,13101,13102",2129.974842931937,2082.0778621291447,2191.9049999999997,complete,
n3_minus_n1,1,3,input_tokens_per_actionable_turn,3,"13100,13101,13102",3107.2569939626296,2518.459887218045,4089.916872246696,complete,
n3_minus_n1,1,3,total_tokens_per_submitted_turn,3,"13100,13101,13102",2241.877661431065,2148.6033333333335,2322.927984293194,complete,
n3_minus_n1,1,3,total_tokens_per_actionable_turn,3,"13100,13101,13102",3312.285457380556,2804.503270676692,4308.8046475770925,complete,
n3_minus_n1,1,3,delivered_bytes,3,"13100,13101,13102",66736.0,58092.0,72764.0,complete,
n3_minus_n1,1,3,delivered_bytes_per_submitted_turn,3,"13100,13101,13102",113.04216404886562,96.82,121.27333333333333,complete,
n3_minus_n1,1,3,delivered_bytes_per_actionable_turn,3,"13100,13101,13102",129.96577318498387,127.95594713656389,131.58047016274864,complete,
n3_minus_n1,1,3,episode_wall_seconds,3,"13100,13101,13102",799.0340244363373,734.1375995269627,866.2462650369853,complete,
n3_minus_n1,1,3,mean_tick_wall_seconds,3,"13100,13101,13102",4.1156365967720925,3.670078061942769,4.360151978889044,complete,
n4_minus_n1,1,4,paper_base_percent,3,"13100,13101,13102",5.222734436392784,0.9216591715812683,10.138249024748802,complete,
n4_minus_n1,1,4,paper_coord_percent,0,,,,,complete,
n4_minus_n1,1,4,paper_total_percent,3,"13100,13101,13102",6.195051719745,3.1755562871694565,9.326894953846931,complete,
n4_minus_n1,1,4,episode_return,3,"13100,13101,13102",13.241666665921608,4.049999997019768,21.299999997019768,complete,
n4_minus_n1,1,4,team_unique_base_achievements,3,"13100,13101,13102",8.666666666666666,2.0,14.0,complete,
n4_minus_n1,1,4,team_unique_coord_achievements,0,,,,,complete,
n4_minus_n1,1,4,team_unique_total_achievements,3,"13100,13101,13102",12.0,6.0,16.0,complete,
n4_minus_n1,1,4,summed_agent_base_achievements,3,"13100,13101,13102",27.0,14.0,36.0,complete,
n4_minus_n1,1,4,summed_agent_coord_achievements,0,,,,,complete,
n4_minus_n1,1,4,summed_agent_total_achievements,3,"13100,13101,13102",35.0,22.0,42.0,complete,
n4_minus_n1,1,4,coordination_attempts,0,,,,,complete,
n4_minus_n1,1,4,coordination_resolved_attempts,0,,,,,complete,
n4_minus_n1,1,4,coordination_successes,0,,,,,complete,
n4_minus_n1,1,4,give_attempts,0,,,,,complete,
n4_minus_n1,1,4,successful_transfers,0,,,,,complete,
n4_minus_n1,1,4,requests,0,,,,,complete,
n4_minus_n1,1,4,revives,0,,,,,complete,
n4_minus_n1,1,4,deaths,3,"13100,13101,13102",0.3333333333333333,0.0,1.0,complete,
n4_minus_n1,1,4,action_parse_rate,3,"13100,13101,13102",-0.013381347817614611,-0.019379844961240345,-0.010320334261838426,complete,
n4_minus_n1,1,4,action_parse_success,3,"13100,13101,13102",541.6666666666666,508.0,559.0,complete,
n4_minus_n1,1,4,action_parse_fail,3,"13100,13101,13102",11.0,8.0,15.0,complete,
n4_minus_n1,1,4,action_parse_skipped_inactive,3,"13100,13101,13102",47.333333333333336,26.0,82.0,complete,
n4_minus_n1,1,4,environment_steps_completed,3,"13100,13101,13102",0.0,0.0,0.0,complete,
n4_minus_n1,1,4,agent_turns_submitted,3,"13100,13101,13102",600.0,600.0,600.0,complete,
n4_minus_n1,1,4,alive_agent_turns,3,"13100,13101,13102",595.0,585.0,600.0,complete,
n4_minus_n1,1,4,actionable_agent_turns,3,"13100,13101,13102",552.6666666666666,518.0,574.0,complete,
n4_minus_n1,1,4,alive_turn_fraction,3,"13100,13101,13102",-0.006250000000000015,-0.018750000000000044,0.0,complete,
n4_minus_n1,1,4,actionable_turn_fraction,3,"13100,13101,13102",-0.059166666666666666,-0.10250000000000004,-0.03249999999999997,complete,
n4_minus_n1,1,4,requested_environment_steps,3,"13100,13101,13102",0.0,0.0,0.0,complete,
n4_minus_n1,1,4,step_completion_fraction,3,"13100,13101,13102",0.0,0.0,0.0,complete,
n4_minus_n1,1,4,intentional_actionable_noops,3,"13100,13101,13102",17.666666666666668,9.0,32.0,complete,
n4_minus_n1,1,4,parse_fallback_noops,3,"13100,13101,13102",11.0,8.0,15.0,complete,
n4_minus_n1,1,4,active_action_validation_fallback_noops,3,"13100,13101,13102",0.0,0.0,0.0,complete,
n4_minus_n1,1,4,active_residual_effective_noops,3,"13100,13101,13102",0.0,0.0,0.0,complete,
n4_minus_n1,1,4,inactive_billed_turns,3,"13100,13101,13102",47.333333333333336,26.0,82.0,complete,
n4_minus_n1,1,4,inactive_effective_noops,3,"13100,13101,13102",47.333333333333336,26.0,82.0,complete,
n4_minus_n1,1,4,canonical_submitted_noops,3,"13100,13101,13102",76.0,50.0,104.0,complete,
n4_minus_n1,1,4,effective_environment_noops,3,"13100,13101,13102",76.0,50.0,104.0,complete,
n4_minus_n1,1,4,executed_noops,3,"13100,13101,13102",76.0,50.0,104.0,complete,
n4_minus_n1,1,4,input_tokens,3,"13100,13101,13102",4342367.0,4047175.0,4606580.0,complete,
n4_minus_n1,1,4,cached_input_tokens,3,"13100,13101,13102",1421056.0,1415680.0,1428224.0,complete,
n4_minus_n1,1,4,uncached_input_tokens,3,"13100,13101,13102",2921311.0,2627911.0,3190900.0,complete,
n4_minus_n1,1,4,input_cache_fraction,3,"13100,13101,13102",0.2787547722813831,0.2616279821890128,0.2979628923603005,complete,
n4_minus_n1,1,4,output_tokens,3,"13100,13101,13102",386321.3333333333,362827.0,415201.0,complete,
n4_minus_n1,1,4,reasoning_tokens,3,"13100,13101,13102",309647.3333333333,288866.0,333400.0,complete,
n4_minus_n1,1,4,total_tokens,3,"13100,13101,13102",4728688.333333333,4462376.0,4987516.0,complete,
n4_minus_n1,1,4,model_call_count,3,"13100,13101,13102",600.0,600.0,600.0,complete,
n4_minus_n1,1,4,provider_request_count,3,"13100,13101,13102",600.3333333333334,600.0,601.0,complete,
n4_minus_n1,1,4,recovered_transport_retry_count,3,"13100,13101,13102",0.3333333333333333,0.0,1.0,complete,
n4_minus_n1,1,4,transport_error_count,3,"13100,13101,13102",0.3333333333333333,0.0,1.0,complete,
n4_minus_n1,1,4,summed_model_latency_seconds,3,"13100,13101,13102",3445.7575670254882,3273.9474284158787,3745.237428468885,complete,
n4_minus_n1,1,4,input_tokens_per_submitted_turn,3,"13100,13101,13102",2541.34125,2373.785,2741.4925,complete,
n4_minus_n1,1,4,input_tokens_per_actionable_turn,3,"13100,13101,13102",2959.1752005474495,2638.063093994778,3513.960194986072,complete,
n4_minus_n1,1,4,total_tokens_per_submitted_turn,3,"13100,13101,13102",2675.7291666666665,2585.7275,2807.84375,complete,
n4_minus_n1,1,4,total_tokens_per_actionable_turn,3,"13100,13101,13102",3132.3315468784135,2821.934896640827,3650.294247910863,complete,
n4_minus_n1,1,4,delivered_bytes,3,"13100,13101,13102",148177.0,130239.0,179550.0,complete,
n4_minus_n1,1,4,delivered_bytes_per_submitted_turn,3,"13100,13101,13102",185.22125000000003,162.79875,224.4375,complete,
n4_minus_n1,1,4,delivered_bytes_per_actionable_turn,3,"13100,13101,13102",196.77662410449773,168.2674418604651,234.3994778067885,complete,
n4_minus_n1,1,4,episode_wall_seconds,3,"13100,13101,13102",1158.2885413159772,1065.431427358999,1305.3770331739797,complete,
n4_minus_n1,1,4,mean_tick_wall_seconds,3,"13100,13101,13102",5.783201804845981,5.303333041809965,6.526426285035849,complete,
n6_minus_n1,1,6,paper_base_percent,3,"13100,13101,13102",4.761905098954837,1.3824883848428726,10.138249397277832,complete,
n6_minus_n1,1,6,paper_coord_percent,0,,,,,complete,
n6_minus_n1,1,6,paper_total_percent,3,"13100,13101,13102",3.358172563215097,0.8162567391991615,6.614619493484497,complete,
n6_minus_n1,1,6,episode_return,3,"13100,13101,13102",4.75,-0.03333333383003856,8.01666666691502,complete,
n6_minus_n1,1,6,team_unique_base_achievements,3,"13100,13101,13102",6.333333333333333,3.0,10.0,complete,
n6_minus_n1,1,6,team_unique_coord_achievements,0,,,,,complete,
n6_minus_n1,1,6,team_unique_total_achievements,3,"13100,13101,13102",7.666666666666667,6.0,11.0,complete,
n6_minus_n1,1,6,summed_agent_base_achievements,3,"13100,13101,13102",30.333333333333332,20.0,36.0,complete,
n6_minus_n1,1,6,summed_agent_coord_achievements,0,,,,,complete,
n6_minus_n1,1,6,summed_agent_total_achievements,3,"13100,13101,13102",35.0,20.0,47.0,complete,
n6_minus_n1,1,6,coordination_attempts,0,,,,,complete,
n6_minus_n1,1,6,coordination_resolved_attempts,0,,,,,complete,
n6_minus_n1,1,6,coordination_successes,0,,,,,complete,
n6_minus_n1,1,6,give_attempts,0,,,,,complete,
n6_minus_n1,1,6,successful_transfers,0,,,,,complete,
n6_minus_n1,1,6,requests,0,,,,,complete,
n6_minus_n1,1,6,revives,0,,,,,complete,
n6_minus_n1,1,6,deaths,3,"13100,13101,13102",0.6666666666666666,0.0,1.0,complete,
n6_minus_n1,1,6,action_parse_rate,3,"13100,13101,13102",-0.012313337499604948,-0.016222410865874393,-0.00647548566142464,complete,
n6_minus_n1,1,6,action_parse_success,3,"13100,13101,13102",865.6666666666666,769.0,954.0,complete,
n6_minus_n1,1,6,action_parse_fail,3,"13100,13101,13102",15.0,7.0,24.0,complete,
n6_minus_n1,1,6,action_parse_skipped_inactive,3,"13100,13101,13102",119.33333333333333,22.0,217.0,complete,
n6_minus_n1,1,6,environment_steps_completed,3,"13100,13101,13102",0.0,0.0,0.0,complete,
n6_minus_n1,1,6,agent_turns_submitted,3,"13100,13101,13102",1000.0,1000.0,1000.0,complete,
n6_minus_n1,1,6,alive_agent_turns,3,"13100,13101,13102",995.3333333333334,989.0,1000.0,complete,
n6_minus_n1,1,6,actionable_agent_turns,3,"13100,13101,13102",880.6666666666666,783.0,978.0,complete,
n6_minus_n1,1,6,alive_turn_fraction,3,"13100,13101,13102",-0.0038888888888888675,-0.009166666666666656,0.0,complete,
n6_minus_n1,1,6,actionable_turn_fraction,3,"13100,13101,13102",-0.0994444444444444,-0.1808333333333333,-0.018333333333333313,complete,
n6_minus_n1,1,6,requested_environment_steps,3,"13100,13101,13102",0.0,0.0,0.0,complete,
n6_minus_n1,1,6,step_completion_fraction,3,"13100,13101,13102",0.0,0.0,0.0,complete,
n6_minus_n1,1,6,intentional_actionable_noops,3,"13100,13101,13102",34.666666666666664,15.0,64.0,complete,
n6_minus_n1,1,6,parse_fallback_noops,3,"13100,13101,13102",15.0,7.0,24.0,complete,
n6_minus_n1,1,6,active_action_validation_fallback_noops,3,"13100,13101,13102",0.0,0.0,0.0,complete,
n6_minus_n1,1,6,active_residual_effective_noops,3,"13100,13101,13102",0.0,0.0,0.0,complete,
n6_minus_n1,1,6,inactive_billed_turns,3,"13100,13101,13102",119.33333333333333,22.0,217.0,complete,
n6_minus_n1,1,6,inactive_effective_noops,3,"13100,13101,13102",119.33333333333333,22.0,217.0,complete,
n6_minus_n1,1,6,canonical_submitted_noops,3,"13100,13101,13102",169.0,61.0,256.0,complete,
n6_minus_n1,1,6,effective_environment_noops,3,"13100,13101,13102",169.0,61.0,256.0,complete,
n6_minus_n1,1,6,executed_noops,3,"13100,13101,13102",169.0,61.0,256.0,complete,
n6_minus_n1,1,6,input_tokens,3,"13100,13101,13102",7566914.666666667,6769475.0,8929131.0,complete,
n6_minus_n1,1,6,cached_input_tokens,3,"13100,13101,13102",2121728.0,2119936.0,2123520.0,complete,
n6_minus_n1,1,6,uncached_input_tokens,3,"13100,13101,13102",5445186.666666667,4645955.0,6807403.0,complete,
n6_minus_n1,1,6,input_cache_fraction,3,"13100,13101,13102",0.2578670594287175,0.21797993813795172,0.28095362714530253,complete,
n6_minus_n1,1,6,output_tokens,3,"13100,13101,13102",696416.6666666666,571890.0,826999.0,complete,
n6_minus_n1,1,6,reasoning_tokens,3,"13100,13101,13102",566598.3333333334,453313.0,687750.0,complete,
n6_minus_n1,1,6,total_tokens,3,"13100,13101,13102",8263331.333333333,7341365.0,9619492.0,complete,
n6_minus_n1,1,6,model_call_count,3,"13100,13101,13102",1000.0,1000.0,1000.0,complete,
n6_minus_n1,1,6,provider_request_count,3,"13100,13101,13102",1000.0,1000.0,1000.0,complete,
n6_minus_n1,1,6,recovered_transport_retry_count,3,"13100,13101,13102",0.0,0.0,0.0,complete,
n6_minus_n1,1,6,transport_error_count,3,"13100,13101,13102",0.0,0.0,0.0,complete,
n6_minus_n1,1,6,summed_model_latency_seconds,3,"13100,13101,13102",6184.756640230383,5265.036767760466,6902.946741168329,complete,
n6_minus_n1,1,6,input_tokens_per_submitted_turn,3,"13100,13101,13102",3098.409444444444,2354.633333333333,4089.0175000000004,complete,
n6_minus_n1,1,6,input_tokens_per_actionable_turn,3,"13100,13101,13102",3848.3904522489447,3559.613464384829,4240.502393887946,complete,
n6_minus_n1,1,6,total_tokens_per_submitted_turn,3,"13100,13101,13102",3291.519166666667,2412.8166666666666,4208.964166666668,complete,
n6_minus_n1,1,6,total_tokens_per_actionable_turn,3,"13100,13101,13102",4114.276222162881,3926.916322482198,4372.894032258065,complete,
n6_minus_n1,1,6,delivered_bytes,3,"13100,13101,13102",421603.3333333333,313070.0,514150.0,complete,
n6_minus_n1,1,6,delivered_bytes_per_submitted_turn,3,"13100,13101,13102",351.33611111111105,260.89166666666665,428.4583333333333,complete,
n6_minus_n1,1,6,delivered_bytes_per_actionable_turn,3,"13100,13101,13102",388.52574820219587,318.48423194303155,475.6244218316374,complete,
n6_minus_n1,1,6,episode_wall_seconds,3,"13100,13101,13102",2023.630402828004,1609.1492599219782,2247.0146779189818,complete,
n6_minus_n1,1,6,mean_tick_wall_seconds,3,"13100,13101,13102",10.10200390805209,8.044874601725898,11.23409318259248,complete,
n3_minus_n2,2,3,paper_base_percent,3,"13100,13101,13102",7.219662206868331,6.451612710952759,7.834102213382721,complete,
n3_minus_n2,2,3,paper_coord_percent,3,"13100,13101,13102",2.09643617272377,-3.144654259085655,8.176100626587868,complete,
n3_minus_n2,2,3,paper_total_percent,3,"13100,13101,13102",5.053192501266797,2.393617480993271,7.7127669006586075,complete,
n3_minus_n2,2,3,episode_return,3,"13100,13101,13102",7.394444439560175,1.5999999642372131,13.09999999900659,complete,
n3_minus_n2,2,3,team_unique_base_achievements,3,"13100,13101,13102",8.333333333333334,8.0,9.0,complete,
n3_minus_n2,2,3,team_unique_coord_achievements,3,"13100,13101,13102",0.6666666666666666,-1.0,3.0,complete,
n3_minus_n2,2,3,team_unique_total_achievements,3,"13100,13101,13102",9.0,7.0,11.0,complete,
n3_minus_n2,2,3,summed_agent_base_achievements,3,"13100,13101,13102",19.666666666666668,17.0,23.0,complete,
n3_minus_n2,2,3,summed_agent_coord_achievements,3,"13100,13101,13102",0.6666666666666666,-2.0,4.0,complete,
n3_minus_n2,2,3,summed_agent_total_achievements,3,"13100,13101,13102",20.333333333333332,15.0,23.0,complete,
n3_minus_n2,2,3,coordination_attempts,3,"13100,13101,13102",-1.6666666666666667,-24.0,10.0,complete,
n3_minus_n2,2,3,coordination_resolved_attempts,3,"13100,13101,13102",-1.0,-23.0,10.0,complete,
n3_minus_n2,2,3,coordination_successes,3,"13100,13101,13102",-2.0,-6.0,1.0,complete,
n3_minus_n2,2,3,give_attempts,3,"13100,13101,13102",2.6666666666666665,-3.0,9.0,complete,
n3_minus_n2,2,3,successful_transfers,3,"13100,13101,13102",2.6666666666666665,-3.0,9.0,complete,
n3_minus_n2,2,3,requests,3,"13100,13101,13102",4.333333333333333,-1.0,13.0,complete,
n3_minus_n2,2,3,revives,3,"13100,13101,13102",0.0,0.0,0.0,complete,
n3_minus_n2,2,3,deaths,3,"13100,13101,13102",1.3333333333333333,0.0,3.0,complete,
n3_minus_n2,2,3,action_parse_rate,3,"13100,13101,13102",-0.004658069111165619,-0.005715859030837045,-0.0031390977443609414,complete,
n3_minus_n2,2,3,action_parse_success,3,"13100,13101,13102",127.0,51.0,200.0,complete,
n3_minus_n2,2,3,action_parse_fail,3,"13100,13101,13102",3.0,2.0,4.0,complete,
n3_minus_n2,2,3,action_parse_skipped_inactive,3,"13100,13101,13102",61.0,-4.0,146.0,complete,
n3_minus_n2,2,3,environment_steps_completed,3,"13100,13101,13102",-3.0,-9.0,0.0,complete,
n3_minus_n2,2,3,agent_turns_submitted,3,"13100,13101,13102",191.0,173.0,200.0,complete,
n3_minus_n2,2,3,alive_agent_turns,3,"13100,13101,13102",179.66666666666666,142.0,200.0,complete,
n3_minus_n2,2,3,actionable_agent_turns,3,"13100,13101,13102",130.0,54.0,204.0,complete,
n3_minus_n2,2,3,alive_turn_fraction,3,"13100,13101,13102",-0.019700407213496234,-0.054101221640488695,0.0,complete,
n3_minus_n2,2,3,actionable_turn_fraction,3,"13100,13101,13102",-0.08857329842931938,-0.2433333333333333,0.04916666666666658,complete,
n3_minus_n2,2,3,requested_environment_steps,3,"13100,13101,13102",0.0,0.0,0.0,complete,
n3_minus_n2,2,3,step_completion_fraction,3,"13100,13101,13102",-0.015000000000000013,-0.04500000000000004,0.0,complete,
n3_minus_n2,2,3,intentional_actionable_noops,3,"13100,13101,13102",-9.666666666666666,-20.0,-4.0,complete,
n3_minus_n2,2,3,parse_fallback_noops,3,"13100,13101,13102",3.0,2.0,4.0,complete,
n3_minus_n2,2,3,active_action_validation_fallback_noops,3,"13100,13101,13102",0.0,0.0,0.0,complete,
n3_minus_n2,2,3,active_residual_effective_noops,3,"13100,13101,13102",0.0,0.0,0.0,complete,
n3_minus_n2,2,3,inactive_billed_turns,3,"13100,13101,13102",61.0,-4.0,146.0,complete,
n3_minus_n2,2,3,inactive_effective_noops,3,"13100,13101,13102",61.0,-4.0,146.0,complete,
n3_minus_n2,2,3,canonical_submitted_noops,3,"13100,13101,13102",54.333333333333336,-20.0,144.0,complete,
n3_minus_n2,2,3,effective_environment_noops,3,"13100,13101,13102",54.333333333333336,-20.0,144.0,complete,
n3_minus_n2,2,3,executed_noops,3,"13100,13101,13102",54.333333333333336,-20.0,144.0,complete,
n3_minus_n2,2,3,input_tokens,3,"13100,13101,13102",1160852.6666666667,978685.0,1523345.0,complete,
n3_minus_n2,2,3,cached_input_tokens,3,"13100,13101,13102",326741.3333333333,297472.0,342272.0,complete,
n3_minus_n2,2,3,uncached_input_tokens,3,"13100,13101,13102",834111.3333333334,640048.0,1181073.0,complete,
n3_minus_n2,2,3,input_cache_fraction,3,"13100,13101,13102",-0.007764873169410713,-0.0427441972123056,0.022713403812443134,complete,
n3_minus_n2,2,3,output_tokens,3,"13100,13101,13102",123347.0,113984.0,132411.0,complete,
n3_minus_n2,2,3,reasoning_tokens,3,"13100,13101,13102",100848.33333333333,93104.0,105082.0,complete,
n3_minus_n2,2,3,total_tokens,3,"13100,13101,13102",1284199.6666666667,1092669.0,1655756.0,complete,
n3_minus_n2,2,3,model_call_count,3,"13100,13101,13102",191.0,173.0,200.0,complete,
n3_minus_n2,2,3,provider_request_count,3,"13100,13101,13102",191.0,173.0,200.0,complete,
n3_minus_n2,2,3,recovered_transport_retry_count,3,"13100,13101,13102",0.0,0.0,0.0,complete,
n3_minus_n2,2,3,transport_error_count,3,"13100,13101,13102",0.0,0.0,0.0,complete,
n3_minus_n2,2,3,summed_model_latency_seconds,3,"13100,13101,13102",955.3903258431625,828.2490141232847,1025.8109446574235,complete,
n3_minus_n2,2,3,input_tokens_per_submitted_turn,3,"13100,13101,13102",40.13484293193718,-617.8058333333329,740.4524999999994,complete,
n3_minus_n2,2,3,input_tokens_per_actionable_turn,3,"13100,13101,13102",754.6053965414261,434.13988721804526,1356.1693722466962,complete,
n3_minus_n2,2,3,total_tokens_per_submitted_turn,3,"13100,13101,13102",73.4026614310648,-598.2341666666671,789.3466666666673,complete,
n3_minus_n2,2,3,total_tokens_per_actionable_turn,3,"13100,13101,13102",855.8947553748254,495.04634787069244,1561.967147577092,complete,
n3_minus_n2,2,3,delivered_bytes,3,"13100,13101,13102",47065.0,37616.0,58032.0,complete,
n3_minus_n2,2,3,delivered_bytes_per_submitted_turn,3,"13100,13101,13102",63.86466404886562,45.629999999999995,84.44333333333333,complete,
n3_minus_n2,2,3,delivered_bytes_per_actionable_turn,3,"13100,13101,13102",78.99426172366583,70.8484022556391,89.36843577879449,complete,
n3_minus_n2,2,3,episode_wall_seconds,3,"13100,13101,13102",327.8526864880114,178.68853206606582,448.52920775697567,complete,
n3_minus_n2,2,3,mean_tick_wall_seconds,3,"13100,13101,13102",1.7624879132484301,1.270267637054058,2.2358567842448247,complete,
n4_minus_n2,2,4,paper_base_percent,3,"13100,13101,13102",3.2258066659172377,-1.843317598104477,8.294931054115295,complete,
n4_minus_n2,2,4,paper_coord_percent,3,"13100,13101,13102",7.127882540225983,6.28930851817131,8.176100626587868,complete,
n4_minus_n2,2,4,paper_total_percent,3,"13100,13101,13102",4.8758864402771,1.5957444906234741,7.712766155600548,complete,
n4_minus_n2,2,4,episode_return,3,"13100,13101,13102",6.091666666169961,-1.0749999955296516,13.799999997019768,complete,
n4_minus_n2,2,4,team_unique_base_achievements,3,"13100,13101,13102",7.0,4.0,10.0,complete,
n4_minus_n2,2,4,team_unique_coord_achievements,3,"13100,13101,13102",2.0,1.0,3.0,complete,
n4_minus_n2,2,4,team_unique_total_achievements,3,"13100,13101,13102",9.0,6.0,11.0,complete,
n4_minus_n2,2,4,summed_agent_base_achievements,3,"13100,13101,13102",21.0,16.0,27.0,complete,
n4_minus_n2,2,4,summed_agent_coord_achievements,3,"13100,13101,13102",5.333333333333333,4.0,6.0,complete,
n4_minus_n2,2,4,summed_agent_total_achievements,3,"13100,13101,13102",26.333333333333332,22.0,31.0,complete,
n4_minus_n2,2,4,coordination_attempts,3,"13100,13101,13102",6.666666666666667,-23.0,25.0,complete,
n4_minus_n2,2,4,coordination_resolved_attempts,3,"13100,13101,13102",7.333333333333333,-21.0,25.0,complete,
n4_minus_n2,2,4,coordination_successes,3,"13100,13101,13102",0.0,-4.0,3.0,complete,
n4_minus_n2,2,4,give_attempts,3,"13100,13101,13102",19.666666666666668,17.0,21.0,complete,
n4_minus_n2,2,4,successful_transfers,3,"13100,13101,13102",19.666666666666668,17.0,21.0,complete,
n4_minus_n2,2,4,requests,3,"13100,13101,13102",16.666666666666668,9.0,26.0,complete,
n4_minus_n2,2,4,revives,3,"13100,13101,13102",1.3333333333333333,0.0,4.0,complete,
n4_minus_n2,2,4,deaths,3,"13100,13101,13102",0.3333333333333333,0.0,1.0,complete,
n4_minus_n2,2,4,action_parse_rate,3,"13100,13101,13102",-0.00980446147568533,-0.01364918593545239,-0.00782033426183848,complete,
n4_minus_n2,2,4,action_parse_success,3,"13100,13101,13102",360.3333333333333,310.0,412.0,complete,
n4_minus_n2,2,4,action_parse_fail,3,"13100,13101,13102",9.333333333333334,7.0,13.0,complete,
n4_minus_n2,2,4,action_parse_skipped_inactive,3,"13100,13101,13102",30.333333333333332,-25.0,82.0,complete,
n4_minus_n2,2,4,environment_steps_completed,3,"13100,13101,13102",0.0,0.0,0.0,complete,
n4_minus_n2,2,4,agent_turns_submitted,3,"13100,13101,13102",400.0,400.0,400.0,complete,
n4_minus_n2,2,4,alive_agent_turns,3,"13100,13101,13102",395.0,385.0,400.0,complete,
n4_minus_n2,2,4,actionable_agent_turns,3,"13100,13101,13102",369.6666666666667,318.0,425.0,complete,
n4_minus_n2,2,4,alive_turn_fraction,3,"13100,13101,13102",-0.006250000000000015,-0.018750000000000044,0.0,complete,
n4_minus_n2,2,4,actionable_turn_fraction,3,"13100,13101,13102",-0.01666666666666668,-0.10250000000000004,0.09499999999999997,complete,
n4_minus_n2,2,4,requested_environment_steps,3,"13100,13101,13102",0.0,0.0,0.0,complete,
n4_minus_n2,2,4,step_completion_fraction,3,"13100,13101,13102",0.0,0.0,0.0,complete,
n4_minus_n2,2,4,intentional_actionable_noops,3,"13100,13101,13102",1.0,-19.0,18.0,complete,
n4_minus_n2,2,4,parse_fallback_noops,3,"13100,13101,13102",9.333333333333334,7.0,13.0,complete,
n4_minus_n2,2,4,active_action_validation_fallback_noops,3,"13100,13101,13102",0.0,0.0,0.0,complete,
n4_minus_n2,2,4,active_residual_effective_noops,3,"13100,13101,13102",0.0,0.0,0.0,complete,
n4_minus_n2,2,4,inactive_billed_turns,3,"13100,13101,13102",30.333333333333332,-25.0,82.0,complete,
n4_minus_n2,2,4,inactive_effective_noops,3,"13100,13101,13102",30.333333333333332,-25.0,82.0,complete,
n4_minus_n2,2,4,canonical_submitted_noops,3,"13100,13101,13102",40.666666666666664,-31.0,94.0,complete,
n4_minus_n2,2,4,effective_environment_noops,3,"13100,13101,13102",40.666666666666664,-31.0,94.0,complete,
n4_minus_n2,2,4,executed_noops,3,"13100,13101,13102",40.666666666666664,-31.0,94.0,complete,
n4_minus_n2,2,4,input_tokens,3,"13100,13101,13102",2736666.3333333335,2497398.0,3003982.0,complete,
n4_minus_n2,2,4,cached_input_tokens,3,"13100,13101,13102",711424.0,706048.0,720384.0,complete,
n4_minus_n2,2,4,uncached_input_tokens,3,"13100,13101,13102",2025242.3333333333,1791350.0,2283598.0,complete,
n4_minus_n2,2,4,input_cache_fraction,3,"13100,13101,13102",-0.022806507686212157,-0.05131163008438555,-0.00029992473007428577,complete,
n4_minus_n2,2,4,output_tokens,3,"13100,13101,13102",261930.33333333334,257092.0,266415.0,complete,
n4_minus_n2,2,4,reasoning_tokens,3,"13100,13101,13102",211488.66666666666,206342.0,218343.0,complete,
n4_minus_n2,2,4,total_tokens,3,"13100,13101,13102",2998596.6666666665,2759682.0,3261074.0,complete,
n4_minus_n2,2,4,model_call_count,3,"13100,13101,13102",400.0,400.0,400.0,complete,
n4_minus_n2,2,4,provider_request_count,3,"13100,13101,13102",400.3333333333333,400.0,401.0,complete,
n4_minus_n2,2,4,recovered_transport_retry_count,3,"13100,13101,13102",0.3333333333333333,0.0,1.0,complete,
n4_minus_n2,2,4,transport_error_count,3,"13100,13101,13102",0.3333333333333333,0.0,1.0,complete,
n4_minus_n2,2,4,summed_model_latency_seconds,3,"13100,13101,13102",2371.2440971656274,2281.2017952173483,2508.306032839755,complete,
n4_minus_n2,2,4,input_tokens_per_submitted_turn,3,"13100,13101,13102",451.50124999999997,7.744999999999891,1057.2937499999998,complete,
n4_minus_n2,2,4,input_tokens_per_actionable_turn,3,"13100,13101,13102",606.5236031262463,485.61502039788866,780.2126949860722,complete,
n4_minus_n2,2,4,total_tokens_per_submitted_turn,3,"13100,13101,13102",507.2541666666666,61.006249999999454,1120.9724999999999,complete,
n4_minus_n2,2,4,total_tokens_per_actionable_turn,3,"13100,13101,13102",675.940844872683,493.4327906236349,903.4567479108628,complete,
n4_minus_n2,2,4,delivered_bytes,3,"13100,13101,13102",128506.0,114266.0,155745.0,complete,
n4_minus_n2,2,4,delivered_bytes_per_submitted_turn,3,"13100,13101,13102",136.04375000000002,117.23750000000001,164.925,complete,
n4_minus_n2,2,4,delivered_bytes_per_actionable_turn,3,"13100,13101,13102",145.80511264317968,126.05540747651098,174.88697780678854,complete,
n4_minus_n2,2,4,episode_wall_seconds,3,"13100,13101,13102",687.1072033676513,647.7143700789893,726.2598835289828,complete,
n4_minus_n2,2,4,mean_tick_wall_seconds,3,"13100,13101,13102",3.430053121322319,3.2225100765703245,3.6311073441957706,complete,
n6_minus_n2,2,6,paper_base_percent,3,"13100,13101,13102",2.76497732847929,0.9216595441102982,3.6866366863250732,complete,
n6_minus_n2,2,6,paper_coord_percent,3,"13100,13101,13102",1.0482183347145717,-3.144654259085655,6.28930889070034,complete,
n6_minus_n2,2,6,paper_total_percent,3,"13100,13101,13102",2.039007283747196,-0.7978720590472221,4.787233844399452,complete,
n6_minus_n2,2,6,episode_return,3,"13100,13101,13102",-2.3999999997516475,-7.533333333830039,7.766666666915018,complete,
n6_minus_n2,2,6,team_unique_base_achievements,3,"13100,13101,13102",4.666666666666667,2.0,8.0,complete,
n6_minus_n2,2,6,team_unique_coord_achievements,3,"13100,13101,13102",0.0,-1.0,2.0,complete,
n6_minus_n2,2,6,team_unique_total_achievements,3,"13100,13101,13102",4.666666666666667,1.0,10.0,complete,
n6_minus_n2,2,6,summed_agent_base_achievements,3,"13100,13101,13102",24.333333333333332,11.0,37.0,complete,
n6_minus_n2,2,6,summed_agent_coord_achievements,3,"13100,13101,13102",2.0,-2.0,10.0,complete,
n6_minus_n2,2,6,summed_agent_total_achievements,3,"13100,13101,13102",26.333333333333332,9.0,47.0,complete,
n6_minus_n2,2,6,coordination_attempts,3,"13100,13101,13102",29.333333333333332,-8.0,56.0,complete,
n6_minus_n2,2,6,coordination_resolved_attempts,3,"13100,13101,13102",30.333333333333332,-6.0,56.0,complete,
n6_minus_n2,2,6,coordination_successes,3,"13100,13101,13102",-0.6666666666666666,-1.0,0.0,complete,
n6_minus_n2,2,6,give_attempts,3,"13100,13101,13102",22.0,9.0,29.0,complete,
n6_minus_n2,2,6,successful_transfers,3,"13100,13101,13102",22.0,9.0,29.0,complete,
n6_minus_n2,2,6,requests,3,"13100,13101,13102",19.666666666666668,9.0,32.0,complete,
n6_minus_n2,2,6,revives,3,"13100,13101,13102",0.6666666666666666,0.0,2.0,complete,
n6_minus_n2,2,6,deaths,3,"13100,13101,13102",0.6666666666666666,0.0,1.0,complete,
n6_minus_n2,2,6,action_parse_rate,3,"13100,13101,13102",-0.008736451157675665,-0.013722410865874446,-0.003975485661424694,complete,
n6_minus_n2,2,6,action_parse_success,3,"13100,13101,13102",684.3333333333334,622.0,756.0,complete,
n6_minus_n2,2,6,action_parse_fail,3,"13100,13101,13102",13.333333333333334,6.0,22.0,complete,
n6_minus_n2,2,6,action_parse_skipped_inactive,3,"13100,13101,13102",102.33333333333333,22.0,166.0,complete,
n6_minus_n2,2,6,environment_steps_completed,3,"13100,13101,13102",0.0,0.0,0.0,complete,
n6_minus_n2,2,6,agent_turns_submitted,3,"13100,13101,13102",800.0,800.0,800.0,complete,
n6_minus_n2,2,6,alive_agent_turns,3,"13100,13101,13102",795.3333333333334,789.0,800.0,complete,
n6_minus_n2,2,6,actionable_agent_turns,3,"13100,13101,13102",697.6666666666666,634.0,778.0,complete,
n6_minus_n2,2,6,alive_turn_fraction,3,"13100,13101,13102",-0.0038888888888888675,-0.009166666666666656,0.0,complete,
n6_minus_n2,2,6,actionable_turn_fraction,3,"13100,13101,13102",-0.05694444444444443,-0.09916666666666663,-0.018333333333333313,complete,
n6_minus_n2,2,6,requested_environment_steps,3,"13100,13101,13102",0.0,0.0,0.0,complete,
n6_minus_n2,2,6,step_completion_fraction,3,"13100,13101,13102",0.0,0.0,0.0,complete,
n6_minus_n2,2,6,intentional_actionable_noops,3,"13100,13101,13102",18.0,-3.0,50.0,complete,
n6_minus_n2,2,6,parse_fallback_noops,3,"13100,13101,13102",13.333333333333334,6.0,22.0,complete,
n6_minus_n2,2,6,active_action_validation_fallback_noops,3,"13100,13101,13102",0.0,0.0,0.0,complete,
n6_minus_n2,2,6,active_residual_effective_noops,3,"13100,13101,13102",0.0,0.0,0.0,complete,
n6_minus_n2,2,6,inactive_billed_turns,3,"13100,13101,13102",102.33333333333333,22.0,166.0,complete,
n6_minus_n2,2,6,inactive_effective_noops,3,"13100,13101,13102",102.33333333333333,22.0,166.0,complete,
n6_minus_n2,2,6,canonical_submitted_noops,3,"13100,13101,13102",133.66666666666666,51.0,175.0,complete,
n6_minus_n2,2,6,effective_environment_noops,3,"13100,13101,13102",133.66666666666666,51.0,175.0,complete,
n6_minus_n2,2,6,executed_noops,3,"13100,13101,13102",133.66666666666666,51.0,175.0,complete,
n6_minus_n2,2,6,input_tokens,3,"13100,13101,13102",5961214.0,5400111.0,7031170.0,complete,
n6_minus_n2,2,6,cached_input_tokens,3,"13100,13101,13102",1412096.0,1406720.0,1415680.0,complete,
n6_minus_n2,2,6,uncached_input_tokens,3,"13100,13101,13102",4549118.0,3984431.0,5617282.0,complete,
n6_minus_n2,2,6,input_cache_fraction,3,"13100,13101,13102",-0.04369422053887779,-0.04703144523391911,-0.040103247601578906,complete,
n6_minus_n2,2,6,output_tokens,3,"13100,13101,13102",572025.6666666666,466155.0,674082.0,complete,
n6_minus_n2,2,6,reasoning_tokens,3,"13100,13101,13102",468439.6666666667,370789.0,564131.0,complete,
n6_minus_n2,2,6,total_tokens,3,"13100,13101,13102",6533239.666666667,5866266.0,7607010.0,complete,
n6_minus_n2,2,6,model_call_count,3,"13100,13101,13102",800.0,800.0,800.0,complete,
n6_minus_n2,2,6,provider_request_count,3,"13100,13101,13102",800.0,800.0,800.0,complete,
n6_minus_n2,2,6,recovered_transport_retry_count,3,"13100,13101,13102",0.0,0.0,0.0,complete,
n6_minus_n2,2,6,transport_error_count,3,"13100,13101,13102",0.0,0.0,0.0,complete,
n6_minus_n2,2,6,summed_model_latency_seconds,3,"13100,13101,13102",5110.243170370522,4315.313802784367,5666.015345539199,complete,
n6_minus_n2,2,6,input_tokens_per_submitted_turn,3,"13100,13101,13102",1008.5694444444447,767.2575000000006,1355.2700000000004,complete,
n6_minus_n2,2,6,input_tokens_per_actionable_turn,3,"13100,13101,13102",1495.7388548277413,1475.2934643848293,1506.7548938879454,complete,
n6_minus_n2,2,6,total_tokens_per_submitted_turn,3,"13100,13101,13102",1123.0441666666668,948.0616666666665,1462.126666666667,complete,
n6_minus_n2,2,6,total_tokens_per_actionable_turn,3,"13100,13101,13102",1657.8855201571505,1598.4142164650057,1749.1858117483816,complete,
n6_minus_n2,2,6,delivered_bytes,3,"13100,13101,13102",401932.3333333333,298338.0,490345.0,complete,
n6_minus_n2,2,6,delivered_bytes_per_submitted_turn,3,"13100,13101,13102",302.1586111111111,224.06166666666664,368.9458333333334,complete,
n6_minus_n2,2,6,delivered_bytes_per_actionable_turn,3,"13100,13101,13102",337.55423674087774,276.27219755907737,416.1119218316374,complete,
n6_minus_n2,2,6,episode_wall_seconds,3,"13100,13101,13102",1552.4490648796782,1231.3519800360082,1797.0102133630426,complete,
n6_minus_n2,2,6,mean_tick_wall_seconds,3,"13100,13101,13102",7.748855224528428,6.156135858229536,8.946220974598255,complete,
n4_minus_n3,3,4,paper_base_percent,3,"13100,13101,13102",-3.993855540951093,-9.677419811487198,1.8433183431625366,complete,
n4_minus_n3,3,4,paper_coord_percent,3,"13100,13101,13102",5.0314463675022125,0.0,10.062892735004425,complete,
n4_minus_n3,3,4,paper_total_percent,3,"13100,13101,13102",-0.17730606098969778,-3.4574486315250397,5.319148674607277,complete,
n4_minus_n3,3,4,episode_return,3,"13100,13101,13102",-1.3027777733902137,-8.558333350966375,12.200000032782555,complete,
n4_minus_n3,3,4,team_unique_base_achievements,3,"13100,13101,13102",-1.3333333333333333,-5.0,2.0,complete,
n4_minus_n3,3,4,team_unique_coord_achievements,3,"13100,13101,13102",1.3333333333333333,0.0,2.0,complete,
n4_minus_n3,3,4,team_unique_total_achievements,3,"13100,13101,13102",0.0,-3.0,4.0,complete,
n4_minus_n3,3,4,summed_agent_base_achievements,3,"13100,13101,13102",1.3333333333333333,-3.0,10.0,complete,
n4_minus_n3,3,4,summed_agent_coord_achievements,3,"13100,13101,13102",4.666666666666667,2.0,6.0,complete,
n4_minus_n3,3,4,summed_agent_total_achievements,3,"13100,13101,13102",6.0,-1.0,16.0,complete,
n4_minus_n3,3,4,coordination_attempts,3,"13100,13101,13102",8.333333333333334,1.0,15.0,complete,
n4_minus_n3,3,4,coordination_resolved_attempts,3,"13100,13101,13102",8.333333333333334,2.0,15.0,complete,
n4_minus_n3,3,4,coordination_successes,3,"13100,13101,13102",2.0,2.0,2.0,complete,
n4_minus_n3,3,4,give_attempts,3,"13100,13101,13102",17.0,12.0,24.0,complete,
n4_minus_n3,3,4,successful_transfers,3,"13100,13101,13102",17.0,12.0,24.0,complete,
n4_minus_n3,3,4,requests,3,"13100,13101,13102",12.333333333333334,2.0,27.0,complete,
n4_minus_n3,3,4,revives,3,"13100,13101,13102",1.3333333333333333,0.0,4.0,complete,
n4_minus_n3,3,4,deaths,3,"13100,13101,13102",-1.0,-2.0,0.0,complete,
n4_minus_n3,3,4,action_parse_rate,3,"13100,13101,13102",-0.00514639236451971,-0.008529935377153519,-0.0021044752310014347,complete,
n4_minus_n3,3,4,action_parse_success,3,"13100,13101,13102",233.33333333333334,212.0,259.0,complete,
n4_minus_n3,3,4,action_parse_fail,3,"13100,13101,13102",6.333333333333333,5.0,9.0,complete,
n4_minus_n3,3,4,action_parse_skipped_inactive,3,"13100,13101,13102",-30.666666666666668,-64.0,-7.0,complete,
n4_minus_n3,3,4,environment_steps_completed,3,"13100,13101,13102",3.0,0.0,9.0,complete,
n4_minus_n3,3,4,agent_turns_submitted,3,"13100,13101,13102",209.0,200.0,227.0,complete,
n4_minus_n3,3,4,alive_agent_turns,3,"13100,13101,13102",215.33333333333334,200.0,243.0,complete,
n4_minus_n3,3,4,actionable_agent_turns,3,"13100,13101,13102",239.66666666666666,221.0,264.0,complete,
n4_minus_n3,3,4,alive_turn_fraction,3,"13100,13101,13102",0.013450407213496218,0.0,0.03535122164048865,complete,
n4_minus_n3,3,4,actionable_turn_fraction,3,"13100,13101,13102",0.0719066317626527,0.02905322862129145,0.14083333333333325,complete,
n4_minus_n3,3,4,requested_environment_steps,3,"13100,13101,13102",0.0,0.0,0.0,complete,
n4_minus_n3,3,4,step_completion_fraction,3,"13100,13101,13102",0.015000000000000013,0.0,0.04500000000000004,complete,
n4_minus_n3,3,4,intentional_actionable_noops,3,"13100,13101,13102",10.666666666666666,1.0,22.0,complete,
n4_minus_n3,3,4,parse_fallback_noops,3,"13100,13101,13102",6.333333333333333,5.0,9.0,complete,
n4_minus_n3,3,4,active_action_validation_fallback_noops,3,"13100,13101,13102",0.0,0.0,0.0,complete,
n4_minus_n3,3,4,active_residual_effective_noops,3,"13100,13101,13102",0.0,0.0,0.0,complete,
n4_minus_n3,3,4,inactive_billed_turns,3,"13100,13101,13102",-30.666666666666668,-64.0,-7.0,complete,
n4_minus_n3,3,4,inactive_effective_noops,3,"13100,13101,13102",-30.666666666666668,-64.0,-7.0,complete,
n4_minus_n3,3,4,canonical_submitted_noops,3,"13100,13101,13102",-13.666666666666666,-50.0,20.0,complete,
n4_minus_n3,3,4,effective_environment_noops,3,"13100,13101,13102",-13.666666666666666,-50.0,20.0,complete,
n4_minus_n3,3,4,executed_noops,3,"13100,13101,13102",-13.666666666666666,-50.0,20.0,complete,
n4_minus_n3,3,4,input_tokens,3,"13100,13101,13102",1575813.6666666667,1480637.0,1728091.0,complete,
n4_minus_n3,3,4,cached_input_tokens,3,"13100,13101,13102",384682.6666666667,367360.0,408576.0,complete,
n4_minus_n3,3,4,uncached_input_tokens,3,"13100,13101,13102",1191131.0,1102525.0,1360731.0,complete,
n4_minus_n3,3,4,input_cache_fraction,3,"13100,13101,13102",-0.015041634516801442,-0.02301332854251742,-0.00856743287207995,complete,
n4_minus_n3,3,4,output_tokens,3,"13100,13101,13102",138583.33333333334,124681.0,148300.0,complete,
n4_minus_n3,3,4,reasoning_tokens,3,"13100,13101,13102",110640.33333333333,101260.0,116677.0,complete,
n4_minus_n3,3,4,total_tokens,3,"13100,13101,13102",1714397.0,1605318.0,1870860.0,complete,
n4_minus_n3,3,4,model_call_count,3,"13100,13101,13102",209.0,200.0,227.0,complete,
n4_minus_n3,3,4,provider_request_count,3,"13100,13101,13102",209.33333333333334,200.0,227.0,complete,
n4_minus_n3,3,4,recovered_transport_retry_count,3,"13100,13101,13102",0.3333333333333333,0.0,1.0,complete,
n4_minus_n3,3,4,transport_error_count,3,"13100,13101,13102",0.3333333333333333,0.0,1.0,complete,
n4_minus_n3,3,4,summed_model_latency_seconds,3,"13100,13101,13102",1415.853771322465,1269.090776468569,1680.0570187164703,complete,
n4_minus_n3,3,4,input_tokens_per_submitted_turn,3,"13100,13101,13102",411.36640706806276,291.70713787085515,625.5508333333328,complete,
n4_minus_n3,3,4,input_tokens_per_actionable_turn,3,"13100,13101,13102",-148.08179341517976,-575.956677260624,119.6032067767328,complete,
n4_minus_n3,3,4,total_tokens_per_submitted_turn,3,"13100,13101,13102",433.8515052356018,310.6882657068063,659.2404166666665,complete,
n4_minus_n3,3,4,total_tokens_per_actionable_turn,3,"13100,13101,13102",-179.95391050214252,-658.5103996662292,120.26222540685922,complete,
n4_minus_n3,3,4,delivered_bytes,3,"13100,13101,13102",81441.0,57475.0,110198.0,complete,
n4_minus_n3,3,4,delivered_bytes_per_submitted_turn,3,"13100,13101,13102",72.17908595113438,41.525416666666686,103.40434118673647,complete,
n4_minus_n3,3,4,delivered_bytes_per_actionable_turn,3,"13100,13101,13102",66.81085091951385,36.68697169771647,104.03857555114944,complete,
n4_minus_n3,3,4,episode_wall_seconds,3,"13100,13101,13102",359.2545168796399,199.18516232201364,508.658824428916,complete,
n4_minus_n3,3,4,mean_tick_wall_seconds,3,"13100,13101,13102",1.6675652080738892,0.9866532923254994,2.1662743061468053,complete,
n6_minus_n3,3,6,paper_base_percent,3,"13100,13101,13102",-4.454684878389041,-5.529953166842461,-3.6866359412670135,complete,
n6_minus_n3,3,6,paper_coord_percent,3,"13100,13101,13102",-1.0482178380091984,-1.8867917358875275,0.0,complete,
n6_minus_n3,3,6,paper_total_percent,3,"13100,13101,13102",-3.0141852175196013,-3.191489540040493,-2.9255330562591553,complete,
n6_minus_n3,3,6,episode_return,3,"13100,13101,13102",-9.794444439311823,-14.916666687776646,-5.33333333209157,complete,
n6_minus_n3,3,6,team_unique_base_achievements,3,"13100,13101,13102",-3.6666666666666665,-6.0,0.0,complete,
n6_minus_n3,3,6,team_unique_coord_achievements,3,"13100,13101,13102",-0.6666666666666666,-1.0,0.0,complete,
n6_minus_n3,3,6,team_unique_total_achievements,3,"13100,13101,13102",-4.333333333333333,-6.0,-1.0,complete,
n6_minus_n3,3,6,summed_agent_base_achievements,3,"13100,13101,13102",4.666666666666667,-6.0,18.0,complete,
n6_minus_n3,3,6,summed_agent_coord_achievements,3,"13100,13101,13102",1.3333333333333333,-2.0,6.0,complete,
n6_minus_n3,3,6,summed_agent_total_achievements,3,"13100,13101,13102",6.0,-6.0,24.0,complete,
n6_minus_n3,3,6,coordination_attempts,3,"13100,13101,13102",31.0,16.0,46.0,complete,
n6_minus_n3,3,6,coordination_resolved_attempts,3,"13100,13101,13102",31.333333333333332,17.0,46.0,complete,
n6_minus_n3,3,6,coordination_successes,3,"13100,13101,13102",1.3333333333333333,-1.0,5.0,complete,
n6_minus_n3,3,6,give_attempts,3,"13100,13101,13102",19.333333333333332,7.0,32.0,complete,
n6_minus_n3,3,6,successful_transfers,3,"13100,13101,13102",19.333333333333332,7.0,32.0,complete,
n6_minus_n3,3,6,requests,3,"13100,13101,13102",15.333333333333334,8.0,19.0,complete,
n6_minus_n3,3,6,revives,3,"13100,13101,13102",0.6666666666666666,0.0,2.0,complete,
n6_minus_n3,3,6,deaths,3,"13100,13101,13102",-0.6666666666666666,-3.0,1.0,complete,
n6_minus_n3,3,6,action_parse_rate,3,"13100,13101,13102",-0.004078382046510047,-0.008006551835037401,-0.0008363879170637523,complete,
n6_minus_n3,3,6,action_parse_success,3,"13100,13101,13102",557.3333333333334,422.0,705.0,complete,
n6_minus_n3,3,6,action_parse_fail,3,"13100,13101,13102",10.333333333333334,4.0,19.0,complete,
n6_minus_n3,3,6,action_parse_skipped_inactive,3,"13100,13101,13102",41.333333333333336,-124.0,170.0,complete,
n6_minus_n3,3,6,environment_steps_completed,3,"13100,13101,13102",3.0,0.0,9.0,complete,
n6_minus_n3,3,6,agent_turns_submitted,3,"13100,13101,13102",609.0,600.0,627.0,complete,
n6_minus_n3,3,6,alive_agent_turns,3,"13100,13101,13102",615.6666666666666,592.0,658.0,complete,
n6_minus_n3,3,6,actionable_agent_turns,3,"13100,13101,13102",567.6666666666666,430.0,724.0,complete,
n6_minus_n3,3,6,alive_turn_fraction,3,"13100,13101,13102",0.015811518324607365,-0.004166666666666652,0.054101221640488695,complete,
n6_minus_n3,3,6,actionable_turn_fraction,3,"13100,13101,13102",0.03162885398487495,-0.10249999999999992,0.22499999999999998,complete,
n6_minus_n3,3,6,requested_environment_steps,3,"13100,13101,13102",0.0,0.0,0.0,complete,
n6_minus_n3,3,6,step_completion_fraction,3,"13100,13101,13102",0.015000000000000013,0.0,0.04500000000000004,complete,
n6_minus_n3,3,6,intentional_actionable_noops,3,"13100,13101,13102",27.666666666666668,12.0,54.0,complete,
n6_minus_n3,3,6,parse_fallback_noops,3,"13100,13101,13102",10.333333333333334,4.0,19.0,complete,
n6_minus_n3,3,6,active_action_validation_fallback_noops,3,"13100,13101,13102",0.0,0.0,0.0,complete,
n6_minus_n3,3,6,active_residual_effective_noops,3,"13100,13101,13102",0.0,0.0,0.0,complete,
n6_minus_n3,3,6,inactive_billed_turns,3,"13100,13101,13102",41.333333333333336,-124.0,170.0,complete,
n6_minus_n3,3,6,inactive_effective_noops,3,"13100,13101,13102",41.333333333333336,-124.0,170.0,complete,
n6_minus_n3,3,6,canonical_submitted_noops,3,"13100,13101,13102",79.33333333333333,-93.0,195.0,complete,
n6_minus_n3,3,6,effective_environment_noops,3,"13100,13101,13102",79.33333333333333,-93.0,195.0,complete,
n6_minus_n3,3,6,executed_noops,3,"13100,13101,13102",79.33333333333333,-93.0,195.0,complete,
n6_minus_n3,3,6,input_tokens,3,"13100,13101,13102",4800361.333333333,3876766.0,6050642.0,complete,
n6_minus_n3,3,6,cached_input_tokens,3,"13100,13101,13102",1085354.6666666667,1073408.0,1109248.0,complete,
n6_minus_n3,3,6,uncached_input_tokens,3,"13100,13101,13102",3715006.6666666665,2803358.0,4977234.0,complete,
n6_minus_n3,3,6,input_cache_fraction,3,"13100,13101,13102",-0.035929347369467075,-0.06666137259357849,-0.00428724802161351,complete,
n6_minus_n3,3,6,output_tokens,3,"13100,13101,13102",448678.6666666667,333744.0,560098.0,complete,
n6_minus_n3,3,6,reasoning_tokens,3,"13100,13101,13102",367591.3333333333,265707.0,471027.0,complete,
n6_minus_n3,3,6,total_tokens,3,"13100,13101,13102",5249040.0,4210510.0,6502836.0,complete,
n6_minus_n3,3,6,model_call_count,3,"13100,13101,13102",609.0,600.0,627.0,complete,
n6_minus_n3,3,6,provider_request_count,3,"13100,13101,13102",609.0,600.0,627.0,complete,
n6_minus_n3,3,6,recovered_transport_retry_count,3,"13100,13101,13102",0.0,0.0,0.0,complete,
n6_minus_n3,3,6,transport_error_count,3,"13100,13101,13102",0.0,0.0,0.0,complete,
n6_minus_n3,3,6,summed_model_latency_seconds,3,"13100,13101,13102",4154.85284452736,3289.5028581269435,4837.7663314159145,complete,
n6_minus_n3,3,6,input_tokens_per_submitted_turn,3,"13100,13101,13102",968.4346015125075,162.72833333333347,1973.0758333333333,complete,
n6_minus_n3,3,6,input_tokens_per_actionable_turn,3,"13100,13101,13102",741.1334582863152,150.58552164124922,1041.153577166784,complete,
n6_minus_n3,3,6,total_tokens_per_submitted_turn,3,"13100,13101,13102",1049.6415052356022,158.71499999999924,2060.360833333334,complete,
n6_minus_n3,3,6,total_tokens_per_actionable_turn,3,"13100,13101,13102",801.9907647823251,64.08938468097222,1238.5150410716897,complete,
n6_minus_n3,3,6,delivered_bytes,3,"13100,13101,13102",354867.3333333333,240306.0,444798.0,complete,
n6_minus_n3,3,6,delivered_bytes_per_submitted_turn,3,"13100,13101,13102",238.29394706224548,139.61833333333334,307.4251745200698,complete,
n6_minus_n3,3,6,delivered_bytes_per_actionable_turn,3,"13100,13101,13102",258.5599750172119,186.9037617802829,345.2635195759983,complete,
n6_minus_n3,3,6,episode_wall_seconds,3,"13100,13101,13102",1224.5963783916668,875.0116603950155,1450.296469173918,complete,
n6_minus_n3,3,6,mean_tick_wall_seconds,3,"13100,13101,13102",5.986367311279998,4.374796539783128,6.873941203703435,complete,
n6_minus_n4,4,6,paper_base_percent,3,"13100,13101,13102",-0.4608293374379476,-7.373271510004997,5.52995428442955,complete,
n6_minus_n4,4,6,paper_coord_percent,3,"13100,13101,13102",-6.079664205511411,-10.062892735004425,-1.8867917358875275,complete,
n6_minus_n4,4,6,paper_total_percent,3,"13100,13101,13102",-2.8368791565299034,-8.51063821464777,0.5319155752658844,complete,
n6_minus_n4,4,6,episode_return,3,"13100,13101,13102",-8.491666665921608,-21.333333330849808,2.2166666698952504,complete,
n6_minus_n4,4,6,team_unique_base_achievements,3,"13100,13101,13102",-2.3333333333333335,-8.0,1.0,complete,
n6_minus_n4,4,6,team_unique_coord_achievements,3,"13100,13101,13102",-2.0,-3.0,-1.0,complete,
n6_minus_n4,4,6,team_unique_total_achievements,3,"13100,13101,13102",-4.333333333333333,-10.0,0.0,complete,
n6_minus_n4,4,6,summed_agent_base_achievements,3,"13100,13101,13102",3.3333333333333335,-16.0,21.0,complete,
n6_minus_n4,4,6,summed_agent_coord_achievements,3,"13100,13101,13102",-3.3333333333333335,-8.0,4.0,complete,
n6_minus_n4,4,6,summed_agent_total_achievements,3,"13100,13101,13102",0.0,-22.0,25.0,complete,
n6_minus_n4,4,6,coordination_attempts,3,"13100,13101,13102",22.666666666666668,15.0,31.0,complete,
n6_minus_n4,4,6,coordination_resolved_attempts,3,"13100,13101,13102",23.0,15.0,31.0,complete,
n6_minus_n4,4,6,coordination_successes,3,"13100,13101,13102",-0.6666666666666666,-3.0,3.0,complete,
n6_minus_n4,4,6,give_attempts,3,"13100,13101,13102",2.3333333333333335,-8.0,8.0,complete,
n6_minus_n4,4,6,successful_transfers,3,"13100,13101,13102",2.3333333333333335,-8.0,8.0,complete,
n6_minus_n4,4,6,requests,3,"13100,13101,13102",3.0,-8.0,17.0,complete,
n6_minus_n4,4,6,revives,3,"13100,13101,13102",-0.6666666666666666,-4.0,2.0,complete,
n6_minus_n4,4,6,deaths,3,"13100,13101,13102",0.3333333333333333,-1.0,1.0,complete,
n6_minus_n4,4,6,action_parse_rate,3,"13100,13101,13102",0.0010680103180096638,-0.005902076604035966,0.005137728989724533,complete,
n6_minus_n4,4,6,action_parse_success,3,"13100,13101,13102",324.0,210.0,446.0,complete,
n6_minus_n4,4,6,action_parse_fail,3,"13100,13101,13102",4.0,-1.0,14.0,complete,
n6_minus_n4,4,6,action_parse_skipped_inactive,3,"13100,13101,13102",72.0,-60.0,191.0,complete,
n6_minus_n4,4,6,environment_steps_completed,3,"13100,13101,13102",0.0,0.0,0.0,complete,
n6_minus_n4,4,6,agent_turns_submitted,3,"13100,13101,13102",400.0,400.0,400.0,complete,
n6_minus_n4,4,6,alive_agent_turns,3,"13100,13101,13102",400.3333333333333,389.0,415.0,complete,
n6_minus_n4,4,6,actionable_agent_turns,3,"13100,13101,13102",328.0,209.0,460.0,complete,
n6_minus_n4,4,6,alive_turn_fraction,3,"13100,13101,13102",0.002361111111111147,-0.009166666666666656,0.018750000000000044,complete,
n6_minus_n4,4,6,actionable_turn_fraction,3,"13100,13101,13102",-0.040277777777777746,-0.14833333333333332,0.08416666666666672,complete,
n6_minus_n4,4,6,requested_environment_steps,3,"13100,13101,13102",0.0,0.0,0.0,complete,
n6_minus_n4,4,6,step_completion_fraction,3,"13100,13101,13102",0.0,0.0,0.0,complete,
n6_minus_n4,4,6,intentional_actionable_noops,3,"13100,13101,13102",17.0,3.0,32.0,complete,
n6_minus_n4,4,6,parse_fallback_noops,3,"13100,13101,13102",4.0,-1.0,14.0,complete,
n6_minus_n4,4,6,active_action_validation_fallback_noops,3,"13100,13101,13102",0.0,0.0,0.0,complete,
n6_minus_n4,4,6,active_residual_effective_noops,3,"13100,13101,13102",0.0,0.0,0.0,complete,
n6_minus_n4,4,6,inactive_billed_turns,3,"13100,13101,13102",72.0,-60.0,191.0,complete,
n6_minus_n4,4,6,inactive_effective_noops,3,"13100,13101,13102",72.0,-60.0,191.0,complete,
n6_minus_n4,4,6,canonical_submitted_noops,3,"13100,13101,13102",93.0,-43.0,206.0,complete,
n6_minus_n4,4,6,effective_environment_noops,3,"13100,13101,13102",93.0,-43.0,206.0,complete,
n6_minus_n4,4,6,executed_noops,3,"13100,13101,13102",93.0,-43.0,206.0,complete,
n6_minus_n4,4,6,input_tokens,3,"13100,13101,13102",3224547.6666666665,2396129.0,4322551.0,complete,
n6_minus_n4,4,6,cached_input_tokens,3,"13100,13101,13102",700672.0,695296.0,706048.0,complete,
n6_minus_n4,4,6,uncached_input_tokens,3,"13100,13101,13102",2523875.6666666665,1700833.0,3616503.0,complete,
n6_minus_n4,4,6,input_cache_fraction,3,"13100,13101,13102",-0.020887712852665635,-0.04364804405106107,0.00428018485046644,complete,
n6_minus_n4,4,6,output_tokens,3,"13100,13101,13102",310095.3333333333,209063.0,411798.0,complete,
n6_minus_n4,4,6,reasoning_tokens,3,"13100,13101,13102",256951.0,164447.0,354350.0,complete,
n6_minus_n4,4,6,total_tokens,3,"13100,13101,13102",3534643.0,2605192.0,4631976.0,complete,
n6_minus_n4,4,6,model_call_count,3,"13100,13101,13102",400.0,400.0,400.0,complete,
n6_minus_n4,4,6,provider_request_count,3,"13100,13101,13102",399.6666666666667,399.0,400.0,complete,
n6_minus_n4,4,6,recovered_transport_retry_count,3,"13100,13101,13102",-0.3333333333333333,-1.0,0.0,complete,
n6_minus_n4,4,6,transport_error_count,3,"13100,13101,13102",-0.3333333333333333,-1.0,0.0,complete,
n6_minus_n4,4,6,summed_model_latency_seconds,3,"13100,13101,13102",2738.999073204895,1991.0893393445876,3157.709312699444,complete,
n6_minus_n4,4,6,input_tokens_per_submitted_turn,3,"13100,13101,13102",557.0681944444447,-154.11291666666693,1347.5250000000005,complete,
n6_minus_n4,4,6,input_tokens_per_actionable_turn,3,"13100,13101,13102",889.215251701495,726.5421989018732,1019.5531858125605,complete,
n6_minus_n4,4,6,total_tokens_per_submitted_turn,3,"13100,13101,13102",615.7900000000003,-172.91083333333336,1401.1204166666676,complete,
n6_minus_n4,4,6,total_tokens_per_actionable_turn,3,"13100,13101,13102",981.9446752844675,722.5997843472014,1118.2528156648305,complete,
n6_minus_n4,4,6,delivered_bytes,3,"13100,13101,13102",273426.3333333333,182831.0,334600.0,complete,
n6_minus_n4,4,6,delivered_bytes_per_submitted_turn,3,"13100,13101,13102",166.1148611111111,98.09291666666665,204.02083333333334,complete,
n6_minus_n4,4,6,delivered_bytes_per_actionable_turn,3,"13100,13101,13102",191.7491240976981,150.21679008256643,241.2249440248489,complete,
n6_minus_n4,4,6,episode_wall_seconds,3,"13100,13101,13102",865.3418615120269,505.0920965070254,1149.2958432840533,complete,
n6_minus_n4,4,6,mean_tick_wall_seconds,3,"13100,13101,13102",4.318802103206108,2.5250285140337656,5.723710898027929,complete,
